Position,Word_Kanji,Reading_Kana,English_Meaning,Part_of_Speech,Deck_Step_Label,Frequency_Rank
1,それ,それ,"that, that one",Pronoun,Core 2000 Step 01 - 001,37
2,一つ,ひとつ,one (thing),Noun,Core 2000 Step 01 - 053,247
3,二つ,ふたつ,two (things),Noun,Core 2000 Step 02 - 094,589
4,三つ,みっつ,three (things),Noun,Core 2000 Step 02 - 117,1401
5,四つ,よっつ,four (things),Noun,Core 2000 Step 02 - 126,3088
6,五つ,いつつ,five (things),Noun,Core 2000 Step 02 - 130,4742
7,六つ,むっつ,six (things),Noun,Core 2000 Step 02 - 097,8020
8,七つ,ななつ,seven (things),Noun,Core 2000 Step 02 - 167,7460
9,八つ,やっつ,eight (things),Noun,Core 2000 Step 02 - 183,10055
10,なる,なる,become,Verb,Core 2000 Step 01 - 011,19
11,九つ,ここのつ,nine (things),Noun,Core 2000 Step 02 - 149,17641
12,百,ひゃく,hundred,Noun,Core 2000 Step 02 - 173,213
13,千,せん,thousand,Noun,Core 2000 Step 02 - 096,336
14,万,まん,ten thousand,Noun,Core 2000 Step 02 - 178,300
15,円,えん,circle,Noun,Core 2000 Step 01 - 003,503
16,時,とき,time,Noun,Core 2000 Step 02 - 002,87
17,時々,ときどき,sometimes,Adverb,Core 2000 Step 02 - 165,2199
18,六日,むいか,"six days, 6th of the month",Noun,Core 2000 Step 02 - 098,111256
19,三日,みっか,"three days, 3rd of the month",Noun,Core 2000 Step 02 - 107,182214
20,五日,いつか,"five days, 5th of the month",Noun,Core 2000 Step 02 - 111,149693
21,八日,ようか,"eight days, 8th of the month",Noun,Core 2000 Step 02 - 118,161821
22,二十日,はつか,"20 days, 20th of the month",Noun,Core 2000 Step 02 - 123,32654
23,二日,ふつか,"two days, 2nd of the month",Noun,Core 2000 Step 02 - 125,131093
24,九日,ここのか,"nine days, 9th of the month",Noun,Core 2000 Step 02 - 148,
25,ところ,ところ,place,Noun,Core 2000 Step 01 - 015,92
26,一日,ついたち,1st of the month,Noun,Core 2000 Step 02 - 159,182214
27,十日,とおか,"ten days, 10th of the month",Noun,Core 2000 Step 02 - 164,79296
28,七日,なのか,"seven days, 7th of the month",Noun,Core 2000 Step 02 - 169,161821
29,四日,よっか,"four days, 4th of the month",Noun,Core 2000 Step 02 - 185,
30,月,つき,moon,Noun,Core 2000 Step 02 - 160,535
31,水,みず,water,Noun,Core 2000 Step 02 - 074,309
32,金,かね,money,Noun,Core 2000 Step 02 - 142,269
33,日曜日,にちようび,Sunday,Noun,Core 2000 Step 02 - 012,3720
34,土曜日,どようび,Saturday,Noun,Core 2000 Step 02 - 039,5196
35,やる,やる,do,Verb,Core 2000 Step 01 - 027,78
36,金曜日,きんようび,Friday,Noun,Core 2000 Step 02 - 053,7625
37,月曜日,げつようび,Monday,Noun,Core 2000 Step 02 - 069,7822
38,木曜日,もくようび,Thursday,Noun,Core 2000 Step 02 - 086,13245
39,曜日,ようび,day of the week,Noun,Core 2000 Step 02 - 087,29940
40,火曜日,かようび,Tuesday,Noun,Core 2000 Step 02 - 090,12773
41,水曜日,すいようび,Wednesday,Noun,Core 2000 Step 02 - 093,12590
42,週,しゅう,week,Noun,Core 2000 Step 01 - 167,4817
43,年,とし,"year, age",Noun,Core 2000 Step 01 - 143,99
44,分かる,わかる,understand,Verb,Core 2000 Step 01 - 082,433
45,何,なに,"what, which",Noun,Core 2000 Step 02 - 168,53
46,先,さき,"ahead, first",Noun,Core 2000 Step 02 - 151,259
47,今年,ことし,this year,Noun,Core 2000 Step 01 - 019,2139
48,今,いま,now,Adverb,Core 2000 Step 01 - 023,147
49,今日,きょう,today,Noun,Core 2000 Step 01 - 162,278
50,今月,こんげつ,this month,Noun,Core 2000 Step 01 - 179,12272
51,今週,こんしゅう,this week,Noun,Core 2000 Step 02 - 072,16739
52,来る,くる,come,Verb,Core 2000 Step 02 - 109,63
53,来年,らいねん,next year,Noun,Core 2000 Step 02 - 188,6153
54,もう,もう,"already, yet",Adverb,Core 2000 Step 01 - 038,103
55,行く,いく,go,Verb,Core 2000 Step 01 - 030,67
56,帰る,かえる,"return, go back",Verb,Core 2000 Step 01 - 076,175
57,大きい,おおきい,big,Adjective,Core 2000 Step 02 - 136,905
58,小さい,ちいさい,small,Adjective,Core 2000 Step 02 - 157,550
59,少ない,すくない,"few, little",Adjective,Core 2000 Step 01 - 029,1081
60,少し,すこし,"a little, a little while (polite)",Adverb,Core 2000 Step 01 - 125,204
61,多い,おおい,lots of,Adjective,Core 2000 Step 01 - 004,334
62,多分,たぶん,"probably, perhaps",Adverb,Core 2000 Step 02 - 043,1977
63,上げる,あげる,"raise, improve",Verb,Core 2000 Step 01 - 197,358
64,よく,よく,often,Adverb,Core 2000 Step 01 - 045,154
65,上る,のぼる,"go up, climb up",Verb,Core 2000 Step 02 - 064,856
66,上,うえ,"up, above",Noun,Core 2000 Step 02 - 132,120
67,下,した,"under, below",Noun,Core 2000 Step 02 - 154,219
68,右,みぎ,right,Noun,Core 2000 Step 01 - 185,564
69,左,ひだり,left,Noun,Core 2000 Step 02 - 124,715
70,方,ほう,"direction, side",Noun,Core 2000 Step 02 - 174,121
71,大人,おとな,adult,Noun,Core 2000 Step 02 - 139,1516
72,人,ひと,person,Noun,Core 2000 Step 02 - 171,31
73,一人,ひとり,"one, one person",Noun,Core 2000 Step 02 - 172,97423
74,どう,どう,"how, what",Adverb,Core 2000 Step 01 - 048,112
75,入れる,いれる,put in,Verb,Core 2000 Step 01 - 040,234
76,入る,はいる,enter,Verb,Core 2000 Step 02 - 070,126
77,出る,でる,"go out, leave",Verb,Core 2000 Step 01 - 013,76
78,出す,だす,"take out, turn in",Verb,Core 2000 Step 02 - 156,130
79,本,ほん,"book, volume",Noun,Core 2000 Step 01 - 044,208
80,休む,やすむ,"take a day off, take a break",Verb,Core 2000 Step 02 - 199,1706
81,体,からだ,"body, health",Noun,Core 2000 Step 01 - 104,242
82,目,め,eye,Noun,Core 2000 Step 02 - 182,84
83,どこ,どこ,where,Noun,Core 2000 Step 01 - 052,133
84,口,くち,mouth,Noun,Core 2000 Step 02 - 146,145
85,耳,みみ,"ear, hearing",Noun,Core 2000 Step 01 - 183,328
86,上手,じょうず,"skilled,&nbsp;good",Adjectival Noun,Core 2000 Step 02 - 120,3003
87,手,て,hand,Noun,Core 2000 Step 02 - 163,81
88,足,あし,"leg, foot",Noun,Core 2000 Step 01 - 119,261
89,空く,すく,"become empty, become less crowded",Verb,Core 2000 Step 02 - 063,3139
90,子供,こども,"child, kid",Noun,Core 2000 Step 01 - 035,268
91,あげる,あげる,give,Verb,Core 2000 Step 01 - 054,181
92,好き,すき,"favorite, liked",Adjectival Noun,Core 2000 Step 01 - 158,368
93,大好き,だいすき,love,Adjective,Core 2000 Step 02 - 060,3717
94,私,わたし,I,Noun,Core 2000 Step 01 - 008,41
95,友達,ともだち,"friend, companion",Noun,Core 2000 Step 01 - 151,1384
96,家,うち,"house, home, my family",Noun,Core 2000 Step 01 - 005,114
97,気,き,"spirit, temperament",Noun,Core 2000 Step 01 - 073,106
98,元気,げんき,"healthy, energetic",Adjective,Core 2000 Step 01 - 191,1055
99,天気,てんき,weather,Noun,Core 2000 Step 02 - 035,5509
100,晴れる,はれる,"be sunny, clear up",Verb,Core 2000 Step 02 - 059,3331
101,こう,こう,"like this, this kind of",Adverb,Core 2000 Step 01 - 055,253
102,昨日,きのう,yesterday,Noun,Core 2000 Step 02 - 144,878
103,開ける,あける,"open, unlock",Verb,Core 2000 Step 02 - 013,478
104,開く,ひらく,open を/が,Verb,Core 2000 Step 02 - 073,280
105,閉じる,とじる,"close (book, eyes, etc.)",Verb,Core 2000 Step 02 - 001,1059
106,閉める,しめる,"shut, close",Verb,Core 2000 Step 02 - 051,2053
107,閉まる,しまる,"be shut, be closed",Verb,Core 2000 Step 02 - 077,5612
108,聞く,きく,"hear, ask",Verb,Core 2000 Step 01 - 047,117
109,時間,じかん,"time, hour",Noun,Core 2000 Step 01 - 018,188
110,高い,たかい,"high, tall",Adjective,Core 2000 Step 01 - 032,294
111,くれる,くれる,give (to me),Verb,Core 2000 Step 01 - 057,80
112,安い,やすい,"inexpensive, cheap",Adjective,Core 2000 Step 01 - 100,2485
113,低い,ひくい,"low, short",Adjective,Core 2000 Step 01 - 107,675
114,前,まえ,"front, before",Noun,Core 2000 Step 02 - 110,88
115,後,あと,after,Adverb,Core 2000 Step 01 - 070,194
116,後ろ,うしろ,"back, behind",Noun,Core 2000 Step 02 - 009,826
117,午後,ごご,"afternoon, p.m.",Noun,Core 2000 Step 01 - 042,792
118,午前,ごぜん,"morning, a.m.",Noun,Core 2000 Step 01 - 060,1918
119,朝,あさ,morning,Noun,Core 2000 Step 01 - 088,431
120,昼,ひる,"daytime, midday, lunch",Noun,Core 2000 Step 02 - 014,2069
121,かなり,かなり,"fairly, rather",Adverb,Core 2000 Step 01 - 065,516
122,晩,ばん,evening (usually from sunset to bedtime),Noun,Core 2000 Step 02 - 038,901
123,今晩,こんばん,"this evening, tonight",Noun,Core 2000 Step 02 - 095,4532
124,夜,よる,night (from sunset to sunrise),Noun,Core 2000 Step 02 - 186,211
125,食べる,たべる,eat,Verb,Core 2000 Step 01 - 109,393
126,飲む,のむ,drink,Verb,Core 2000 Step 01 - 188,335
127,ご飯,ごはん,"cooked rice, meal",Noun,Core 2000 Step 02 - 065,6578
128,買う,かう,buy,Verb,Core 2000 Step 01 - 061,437
129,見る,みる,"see, look at",Verb,Core 2000 Step 01 - 002,45
130,見せる,みせる,show,Verb,Core 2000 Step 01 - 122,288
131,もっと,もっと,more,Adverb,Core 2000 Step 01 - 075,367
132,見つける,みつける,find (something),Verb,Core 2000 Step 01 - 149,728
133,見える,みえる,be visible,Verb,Core 2000 Step 02 - 179,132
134,見つかる,みつかる,"be found, be caught",Verb,Core 2000 Step 02 - 200,1183
135,言う,いう,"say, tell",Verb,Core 2000 Step 01 - 028,32
136,話す,はなす,"speak, tell",Verb,Core 2000 Step 01 - 102,240
137,読む,よむ,read,Verb,Core 2000 Step 01 - 146,344
138,漢字,かんじ,Chinese character,Noun,Core 2000 Step 01 - 168,7172
139,書く,かく,write,Verb,Core 2000 Step 01 - 101,193
140,覚える,おぼえる,"memorize, learn",Verb,Core 2000 Step 01 - 156,555
141,そこ,そこ,there,Pronoun,Core 2000 Step 01 - 085,135
142,会う,あう,meet,Verb,Core 2000 Step 01 - 092,264
143,仕事,しごと,"work, job",Noun,Core 2000 Step 01 - 009,236
144,場合,ばあい,"situation, case",Noun,Core 2000 Step 02 - 198,375
145,車,くるま,"car, automobile",Noun,Core 2000 Step 01 - 079,305
146,電車,でんしゃ,train,Noun,Core 2000 Step 01 - 170,1809
147,駅,えき,railway station,Noun,Core 2000 Step 02 - 134,817
148,道,みち,"way, road, street",Noun,Core 2000 Step 02 - 181,277
149,他,ほか,other,Noun,Core 2000 Step 02 - 175,274
150,止める,やめる,"stop, give up, abolish",Verb,Core 2000 Step 02 - 184,652
151,ここ,ここ,here,Pronoun,Core 2000 Step 01 - 105,116
152,歩く,あるく,"walk, go on foot",Verb,Core 2000 Step 01 - 090,198
153,走る,はしる,run,Verb,Core 2000 Step 01 - 086,320
154,近く,ちかく,"near, close to",Adverb,Core 2000 Step 01 - 039,453
155,近い,ちかい,"near, close",Adjective,Core 2000 Step 01 - 084,645
156,近く,ちかく,"vicinity, nearby",Noun,Core 2000 Step 02 - 028,453
157,遠い,とおい,"far, distant",Adjective,Core 2000 Step 01 - 181,653
158,長い,ながい,long,Adjective,Core 2000 Step 01 - 043,316
159,短い,みじかい,"short, brief",Adjective,Core 2000 Step 01 - 133,1071
160,広い,ひろい,"wide, big",Adjective,Core 2000 Step 01 - 081,830
161,もらう,もらう,receive,Verb,Core 2000 Step 01 - 108,224
162,全部,ぜんぶ,"all, wholly",Adverb,Core 2000 Step 01 - 193,777
163,国,くに,country,Noun,Core 2000 Step 01 - 025,373
164,白い,しろい,"white, blank (for paper)",Adjective,Core 2000 Step 01 - 136,337
165,赤い,あかい,red,Adjective,Core 2000 Step 01 - 161,586
166,部屋,へや,room,Noun,Core 2000 Step 01 - 093,153
167,米,こめ,rice (grain),Noun,Core 2000 Step 02 - 003,1104
168,まだ,まだ,"(not) yet, still",Adverb,Core 2000 Step 01 - 026,134
169,とても,とても,very,Adverb,Core 2000 Step 01 - 124,426
170,作る,つくる,"make, create",Verb,Core 2000 Step 01 - 021,388
171,使う,つかう,use,Verb,Core 2000 Step 01 - 014,248
172,消す,けす,"erase, turn off",Verb,Core 2000 Step 01 - 190,1001
173,売る,うる,sell を,Verb,Core 2000 Step 01 - 087,973
174,店,みせ,"shop, store",Noun,Core 2000 Step 02 - 180,354
175,春,はる,spring,Noun,Core 2000 Step 01 - 059,963
176,夏,なつ,summer,Noun,Core 2000 Step 02 - 166,794
177,秋,あき,"autumn, fall",Noun,Core 2000 Step 01 - 095,1260
178,冬,ふゆ,winter,Noun,Core 2000 Step 01 - 142,1235
179,みんな,みんな,"all, everybody",Noun,Core 2000 Step 01 - 129,257
180,暑い,あつい,hot (temperature of the air),Adjective,Core 2000 Step 02 - 036,2161
181,熱い,あつい,"hot (things, touch)",Adjective,Core 2000 Step 02 - 023,1315
182,寒い,さむい,cold (temperature of the air),Adjective,Core 2000 Step 02 - 152,1282
183,暖かい,あたたかい,warm,Adjective,Core 2000 Step 02 - 127,4365
184,新しい,あたらしい,new,Adjective,Core 2000 Step 01 - 007,591
185,古い,ふるい,old,Adjective,Core 2000 Step 01 - 117,909
186,良い,いい,good,Adjective,Core 2000 Step 02 - 129,584
187,悪い,わるい,bad,Adjective,Core 2000 Step 02 - 190,217
188,思う,おもう,think,Verb,Core 2000 Step 01 - 016,43
189,いつも,いつも,always,Adverb,Core 2000 Step 01 - 138,241
190,忘れる,わすれる,"forget, leave behind",Verb,Core 2000 Step 01 - 152,349
191,考える,かんがえる,"think, consider",Verb,Core 2000 Step 01 - 033,109
192,決める,きめる,"decide, agree upon",Verb,Core 2000 Step 01 - 031,910
193,決まる,きまる,be decided,Verb,Core 2000 Step 02 - 006,1287
194,知る,しる,"&nbsp;(get to) know, realize",Verb,Core 2000 Step 01 - 020,85
195,一番,いちばん,most,Adverb,Core 2000 Step 01 - 165,620
196,住む,すむ,"live, reside",Verb,Core 2000 Step 01 - 067,597
197,名前,なまえ,name,Noun,Core 2000 Step 01 - 112,378
198,食べ物,たべもの,food,Noun,Core 2000 Step 02 - 031,5010
199,いつ,いつ,when,Noun,Core 2000 Step 01 - 150,443
200,飲み物,のみもの,"beverage, drink",Noun,Core 2000 Step 02 - 085,8782
201,重い,おもい,"heavy, serious (illness)",Adjective,Core 2000 Step 01 - 144,825
202,軽い,かるい,"light, light weight",Adjective,Core 2000 Step 01 - 148,643
203,送る,おくる,send,Verb,Core 2000 Step 01 - 097,562
204,取る,とる,"take, get",Verb,Core 2000 Step 01 - 130,289
205,待つ,まつ,"wait, wait for",Verb,Core 2000 Step 01 - 106,203
206,持つ,もつ,"have, possess",Verb,Core 2000 Step 01 - 017,127
207,気持ち,きもち,"feeling (about something, emotion)",Noun,Core 2000 Step 01 - 077,571
208,生きる,いきる,live (one's life),Verb,Core 2000 Step 01 - 049,331
209,どちら,どちら,which,Noun,Core 2000 Step 01 - 154,1204
210,先生,せんせい,teacher (respectful title),Noun,Core 2000 Step 01 - 071,205
211,大学,だいがく,"university, college",Noun,Core 2000 Step 01 - 037,999
212,学生,がくせい,student,Noun,Core 2000 Step 01 - 041,1481
213,大学生,だいがくせい,university student,Noun,Core 2000 Step 02 - 017,6609
214,学校,がっこう,school,Noun,Core 2000 Step 01 - 056,596
215,高校生,こうこうせい,high school student,Noun,Core 2000 Step 02 - 119,4215
216,教える,おしえる,"teach, tell",Verb,Core 2000 Step 01 - 089,470
217,勉強,べんきょう,study,Verbal Noun,Core 2000 Step 01 - 131,1605
218,強い,つよい,strong,Adjective,Core 2000 Step 02 - 121,304
219,どれ,どれ,"what, which",Noun,Core 2000 Step 01 - 160,870
220,弱い,よわい,weak,Adjective,Core 2000 Step 01 - 182,1561
221,引く,ひく,"pull, draw",Verb,Core 2000 Step 01 - 195,497
222,質問,しつもん,question,Verbal Noun,Core 2000 Step 01 - 126,843
223,難しい,むずかしい,difficult,Adjective,Core 2000 Step 01 - 096,1764
224,数,かず,(the) number,Noun,Core 2000 Step 01 - 083,254
225,勝つ,かつ,win,Verb,Core 2000 Step 01 - 140,1543
226,負ける,まける,"lose, be defeated",Verb,Core 2000 Step 01 - 192,1397
227,本当に,ほんとうに,"really, truly",Adverb,Core 2000 Step 02 - 193,442
228,要る,いる,"need, require",Verb,Core 2000 Step 02 - 054,4358
229,時計,とけい,"clock, watch",Noun,Core 2000 Step 02 - 044,1619
230,払う,はらう,pay,Verb,Core 2000 Step 01 - 147,1068
231,切る,きる,cut,Verb,Core 2000 Step 02 - 004,428
232,変える,かえる,to change (st),Verb,Core 2000 Step 01 - 080,718
233,乗る,のる,"ride, take",Verb,Core 2000 Step 01 - 099,397
234,着る,きる,"wear, put on",Verb,Core 2000 Step 01 - 163,510
235,立つ,たつ,"stand, rise",Verb,Core 2000 Step 01 - 072,166
236,座る,すわる,"sit, sit down",Verb,Core 2000 Step 01 - 184,853
237,次,つぎ,next,Noun,Core 2000 Step 01 - 120,323
238,喋る,しゃべる,"chat, talk",Verb,Core 2000 Step 02 - 027,1299
239,動く,うごく,move (が),Verb,Core 2000 Step 02 - 133,391
240,働く,はたらく,to work,Verb,Core 2000 Step 01 - 069,801
241,早い,はやい,early,Adjective,Core 2000 Step 01 - 110,311
242,速い,はやい,fast,Adjective,Core 2000 Step 01 - 176,2183
243,遅い,おそい,"slow, late",Adjective,Core 2000 Step 01 - 174,1252
244,始める,はじめる,"begin, start を",Verb,Core 2000 Step 01 - 010,400
245,始まる,はじまる,begin が,Verb,Core 2000 Step 02 - 032,1066
246,終わる,おわる,"finish, end",Verb,Core 2000 Step 01 - 063,611
247,終わり,おわり,"end, conclusion",Noun,Core 2000 Step 02 - 018,2031
248,去年,きょねん,last year,Noun,Core 2000 Step 01 - 194,2474
249,紙,かみ,paper,Noun,Core 2000 Step 01 - 172,1236
250,楽しむ,たのしむ,enjoy,Verb,Core 2000 Step 01 - 127,1799
251,楽しい,たのしい,"fun, enjoyable",Adjective,Core 2000 Step 02 - 007,926
252,歌う,うたう,sing,Verb,Core 2000 Step 01 - 173,1695
253,欲しい,ほしい,"want, desire",Adjective,Core 2000 Step 02 - 177,976
254,色,いろ,color,Noun,Core 2000 Step 01 - 128,407
255,茶色,ちゃいろ,light brown,Noun,Core 2000 Step 02 - 061,5141
256,すぐ,すぐ,"at once, soon",Adverb,Core 2000 Step 01 - 091,162
257,書き直す,かきなおす,rewrite,Verb,Core 2000 Step 02 - 084,25047
258,直る,なおる,"be repaired, return to normal",Verb,Core 2000 Step 02 - 100,9929
259,線,せん,"line, route (trainなど)",Noun,Core 2000 Step 02 - 005,1289
260,曲がる,まがる,turn,Verb,Core 2000 Step 02 - 048,3456
261,同じ,おなじ,"same, identical",Adjectival Noun,Core 2000 Step 01 - 022,157
262,違う,ちがう,"differ, be wrong",Verb,Core 2000 Step 02 - 115,298
263,図書館,としょかん,library,Noun,Core 2000 Step 01 - 196,5144
264,泊まる,とまる,stay overnight,Verb,Core 2000 Step 02 - 045,3281
265,遊ぶ,あそぶ,"have a good time, play",Verb,Core 2000 Step 01 - 180,1496
266,どうして,どうして,why,Adverb,Core 2000 Step 02 - 046,276
267,服,ふく,clothes,Noun,Core 2000 Step 02 - 008,871
268,お父さん,おとうさん,father,Noun,Core 2000 Step 02 - 042,1267
269,父,ちち,(speaker's)father,Noun,Core 2000 Step 02 - 158,296
270,お母さん,おかあさん,mother,Noun,Core 2000 Step 02 - 015,1238
271,母,はは,(speaker's) mother,Noun,Core 2000 Step 02 - 170,356
272,親,おや,parent,Noun,Core 2000 Step 01 - 116,959
273,姉,あね,older sister,Noun,Core 2000 Step 01 - 155,1057
274,お姉さん,おねえさん,older sister,Noun,Core 2000 Step 02 - 099,6069
275,妹,いもうと,younger sister,Noun,Core 2000 Step 02 - 131,849
276,おなか,おなか,stomach,Noun,Core 2000 Step 02 - 049,7611
277,兄,あに,older brother,Noun,Core 2000 Step 01 - 111,731
278,お兄さん,おにいさん,older brother,Noun,Core 2000 Step 02 - 104,6697
279,弟,おとうと,younger brother,Noun,Core 2000 Step 02 - 137,998
280,娘,むすめ,"daughter, girl",Noun,Core 2000 Step 01 - 123,223
281,息子,むすこ,son,Noun,Core 2000 Step 01 - 135,796
282,若い,わかい,young,Adjective,Core 2000 Step 01 - 064,282
283,彼女,かのじょ,"she, one's girlfriend",Pronoun,Core 2000 Step 01 - 046,82
284,彼,かれ,"he, one's boyfriend",Noun,Core 2000 Step 02 - 143,49
285,結婚,けっこん,marriage,Verbal Noun,Core 2000 Step 01 - 115,521
286,自転車,じてんしゃ,bicycle,Noun,Core 2000 Step 01 - 169,2691
287,自分,じぶん,"self, oneself",Noun,Core 2000 Step 02 - 194,56
288,ご主人,ごしゅじん,(your) husband,Noun,Core 2000 Step 02 - 192,3584
289,答える,こたえる,"answer, reply",Verb,Core 2000 Step 02 - 150,227
290,別,べつ,"another, different",Adjectival Noun,Core 2000 Step 01 - 062,369
291,病気,びょうき,illness,Verbal Noun,Core 2000 Step 01 - 141,1173
292,死ぬ,しぬ,die,Verb,Core 2000 Step 01 - 098,183
293,痛い,いたい,painful,Adjective,Core 2000 Step 02 - 041,1184
294,酒,さけ,"alcoholic drink, Japanese rice wine",Noun,Core 2000 Step 01 - 153,463
295,つける,つける,switch on,Verb,Core 2000 Step 02 - 068,168
296,一杯,いっぱい,full,Adverb,Core 2000 Step 02 - 112,5902
297,飛ぶ,とぶ,fly,Verb,Core 2000 Step 01 - 078,580
298,飛行機,ひこうき,airplane,Noun,Core 2000 Step 01 - 139,2223
299,お願い,おねがい,"request, wish",Verbal Noun,Core 2000 Step 02 - 140,1014
300,続く,つづく,"continue, follow が",Verb,Core 2000 Step 01 - 024,677
301,日記,にっき,diary,Noun,Core 2000 Step 01 - 178,2992
302,首,くび,neck,Noun,Core 2000 Step 01 - 175,237
303,頭,あたま,head,Noun,Core 2000 Step 01 - 103,146
304,顔,かお,face,Noun,Core 2000 Step 01 - 051,69
305,感じる,かんじる,"feel, sense",Verb,Core 2000 Step 01 - 034,206
306,探す,さがす,"search for, look for",Verb,Core 2000 Step 01 - 171,781
307,落ちる,おちる,"fall, go down",Verb,Core 2000 Step 01 - 134,408
308,お手洗い,おてあらい,bathroom (polite),Noun,Core 2000 Step 02 - 191,37293
309,冷たい,つめたい,"cold (things, touch)",Adjective,Core 2000 Step 02 - 162,841
310,汚い,きたない,dirty,Adjective,Core 2000 Step 02 - 062,3759
311,太い,ふとい,"thick, fat",Adjective,Core 2000 Step 02 - 037,1691
312,曇る,くもる,become cloudy,Verb,Core 2000 Step 02 - 081,4850
313,神,かみ,"god, spirit",Noun,Core 2000 Step 02 - 040,265
314,まずい,まずい,"bad-tasting, bad",Adjective,Core 2000 Step 02 - 079,2137
315,建てる,たてる,"build, erect",Verb,Core 2000 Step 01 - 159,2445
316,置く,おく,"put, leave",Verb,Core 2000 Step 01 - 066,348
317,辺,へん,"vicinity, part",Noun,Core 2000 Step 02 - 102,4715
318,黄色い,きいろい,yellow,Adjective,Core 2000 Step 02 - 056,3156
319,一緒に,いっしょに,"together, at the same time",Adverb,Core 2000 Step 01 - 177,1265
320,緑,みどり,"green, foliage",Noun,Core 2000 Step 01 - 198,1814
321,易しい,やさしい,"easy, simple",Adjective,Core 2000 Step 02 - 101,30266
322,留学生,りゅうがくせい,student studying abroad,Noun,Core 2000 Step 02 - 016,18155
323,戻る,もどる,"return, turn back",Verb,Core 2000 Step 01 - 068,249
324,そば,そば,"side, vicinity",Noun,Core 2000 Step 02 - 088,540
325,起きる,おきる,"get up, get out of bed",Verb,Core 2000 Step 01 - 058,634
326,起こる,おこる,happen,Verb,Core 2000 Step 01 - 094,770
327,起こす,おこす,wake up (someone),Verb,Core 2000 Step 01 - 121,960
328,起きる,おきる,occur,Verb,Core 2000 Step 02 - 022,634
329,寝る,ねる,"sleep, go to sleep",Verb,Core 2000 Step 01 - 189,543
330,細い,ほそい,"thin, slender, narrow",Adjective,Core 2000 Step 02 - 116,1124
331,載せる,のせる,"place, put on",Verb,Core 2000 Step 02 - 024,3547
332,締める,しめる,"tighten, fasten",Verb,Core 2000 Step 02 - 078,5311
333,甘い,あまい,sweet,Adjective,Core 2000 Step 02 - 029,1544
334,こっち,こっち,here,Pronoun,Core 2000 Step 02 - 089,506
335,辛い,からい,"spicy, salty",Adjective,Core 2000 Step 02 - 105,2085
336,優しい,やさしい,"gentle, kind",Adjective,Core 2000 Step 02 - 058,1326
337,夫,おっと,husband,Noun,Core 2000 Step 01 - 113,487
338,妻,つま,wife,Noun,Core 2000 Step 02 - 161,420
339,誰,だれ,"who, whom",Noun,Core 2000 Step 01 - 137,174
340,愛する,あいする,"love, care for",Verb,Core 2000 Step 02 - 026,2817
341,笑う,わらう,"laugh, smile",Verb,Core 2000 Step 01 - 164,185
342,酸っぱい,すっぱい,sour,Adjective,Core 2000 Step 02 - 114,20802
343,言葉,ことば,"word, language",Noun,Core 2000 Step 01 - 050,143
344,よう,よう,"way, like, kind [the state of something]",Noun,Core 2000 Step 02 - 103,25
345,呼ぶ,よぶ,"call, name",Verb,Core 2000 Step 01 - 074,231
346,胸,むね,chest,Noun,Core 2000 Step 01 - 145,272
347,腰,こし,"hip, lower back",Noun,Core 2000 Step 02 - 011,395
348,背,せ,"height, stature",Noun,Core 2000 Step 02 - 019,623
349,片仮名,かたかな,katakana,Noun,Core 2000 Step 02 - 071,34512
350,平仮名,ひらがな,hiragana,Noun,Core 2000 Step 02 - 080,41512
351,悲しい,かなしい,sad,Adjective,Core 2000 Step 02 - 025,1677
352,美しい,うつくしい,beautiful,Adjective,Core 2000 Step 01 - 118,526
353,授業,じゅぎょう,"class, lesson",Verbal Noun,Core 2000 Step 01 - 166,3138
354,あそこ,あそこ,over there,Pronoun,Core 2000 Step 02 - 108,1268
355,手伝う,てつだう,"help, assist",Verb,Core 2000 Step 02 - 020,2370
356,狭い,せまい,"narrow, restricted",Adjective,Core 2000 Step 01 - 157,1475
357,触る,さわる,"touch, feel",Verb,Core 2000 Step 02 - 082,3510
358,嫌い,きらい,dislike,Adjective,Core 2000 Step 02 - 052,2018
359,浴びる,あびる,take a shower,Verb,Core 2000 Step 01 - 186,2346
360,渇く,かわく,become thirsty,Verb,Core 2000 Step 02 - 091,10341
361,髪の毛,かみのけ,hair,Noun,Core 2000 Step 02 - 067,3024
362,肩,かた,shoulder,Noun,Core 2000 Step 01 - 187,346
363,鼻,はな,nose,Noun,Core 2000 Step 02 - 021,811
364,おいしい,おいしい,tasty,Adjective,Core 2000 Step 02 - 135,2716
365,腕,うで,arm,Noun,Core 2000 Step 01 - 199,343
366,掛ける,かける,"hang, put on",Verb,Core 2000 Step 02 - 047,1704
367,僕,ぼく,I (young male),Noun,Core 2000 Step 02 - 176,139
368,だめ,だめ,no good,Adjectival Noun,Core 2000 Step 02 - 083,1021
369,大丈夫,だいじょうぶ,"alright, okay",Adjectival Noun,Core 2000 Step 02 - 155,657
370,風邪,かぜ,cold (illness),Noun,Core 2000 Step 02 - 057,3785
371,きれい,きれい,pretty,Adjectival Noun,Core 2000 Step 02 - 145,1138
372,嬉しい,うれしい,"happy, glad",Adjective,Core 2000 Step 02 - 010,1298
373,なる (生る),なる,"produce fruit, grow (on a tree)",Verb,Core 2000 Step 02 - 195,
374,ため,ため,"sake, purpose",Noun,Core 2000 Step 02 - 196,98
375,より,より,"more, further",Adverb,Core 2000 Step 03 - 015,119
376,億,おく,hundred million,Noun,Core 2000 Step 08 - 137,2153
377,寺,てら,buddhist temple,Noun,Core 2000 Step 10 - 102,1261
378,日,ひ,"sun, sunlight, day",Noun,Core 2000 Step 07 - 186,94
379,火,ひ,fire,Noun,Core 2000 Step 10 - 135,461
380,木,き,"tree, wood",Noun,Core 2000 Step 04 - 190,605
381,金,きん,"gold, sum of money, Friday",Noun,Core 2000 Step 10 - 047,269
382,十分,じゅうぶん,"enough, plenty",Adjectival Noun,Core 2000 Step 03 - 165,1098
383,分,ぶん,"amount, part, share",Noun,Core 2000 Step 04 - 078,273
384,分ける,わける,"divide into parts, sort, share",Verb,Core 2000 Step 04 - 160,2489
385,分かれる,わかれる,"be divided, disperse, branch off",Verb,Core 2000 Step 05 - 063,6030
386,何か,なにか,"something, some",Noun,Core 2000 Step 05 - 117,
387,まず,まず,first (of all),Adverb,Core 2000 Step 03 - 084,438
388,先月,せんげつ,last month,Noun,Core 2000 Step 06 - 096,10311
389,やる,やる,"give (to animals, plants, etc.)",Verb,Core 2000 Step 03 - 038,78
390,先週,せんしゅう,last week,Noun,Core 2000 Step 07 - 005,9452
391,今まで,いままで,"until now, so far",Adverb,Core 2000 Step 07 - 080,919
392,来月,らいげつ,next month,Noun,Core 2000 Step 05 - 185,16035
393,来週,らいしゅう,next week,Noun,Core 2000 Step 08 - 040,11305
394,行う,おこなう,"do, carry out",Verb,Core 2000 Step 03 - 006,523
395,行き,いき,going,Noun,Core 2000 Step 10 - 020,3764
396,帰り,かえり,"return trip, going home",Noun,Core 2000 Step 06 - 162,2064
397,ほとんど,ほとんど,"almost, hardly",Adverb,Core 2000 Step 03 - 051,362
398,大きさ,おおきさ,"size, dimensions",Noun,Core 2000 Step 05 - 053,2304
399,大分,だいぶ,"very, greatly",Adverb,Core 2000 Step 08 - 075,4402
400,中,なか,"in, inside, middle",Noun,Core 2000 Step 09 - 099,71
401,少年,しょうねん,boy,Noun,Core 2000 Step 04 - 125,500
402,少しも,すこしも,(not) one bit,Adverb,Core 2000 Step 07 - 028,3081
403,少々,しょうしょう,"a little, a few (formal)",Adverb,Core 2000 Step 07 - 084,2187
404,多く,おおく,"many, much",Noun,Core 2000 Step 03 - 065,840
405,上がる,あがる,"go up, rise",Verb,Core 2000 Step 03 - 069,793
406,もう,もう,"another, again",Adverb,Core 2000 Step 03 - 070,103
407,上がる,あがる,"get nervous, get stage fright",Verb,Core 2000 Step 10 - 040,793
408,年上,としうえ,"older, senior",Noun,Core 2000 Step 10 - 104,4584
409,上り,のぼり,"going up, ascent",Noun,Core 2000 Step 10 - 122,6274
410,下げる,さげる,"lower, turn down",Verb,Core 2000 Step 05 - 119,1089
411,下がる,さがる,"come down, hang (down), fall",Verb,Core 2000 Step 06 - 003,2842
412,下りる,おりる,"go down, climb down",Verb,Core 2000 Step 07 - 008,1798
413,下ろす,おろす,"bring down, take down, withdraw (money)",Verb,Core 2000 Step 08 - 005,1863
414,下り,くだり,"downhill, going down",Noun,Core 2000 Step 08 - 166,7946
415,よく,よく,well,Adverb,Core 2000 Step 03 - 098,154
416,年下,としした,"junior, younger person",Noun,Core 2000 Step 08 - 180,7203
417,下る,くだる,"go down, go downward",Verb,Core 2000 Step 09 - 034,2145
418,一方,いっぽう,one way,Noun,Core 2000 Step 03 - 024,763
419,まま,まま,"as is, still (in the current state)",Noun,Core 2000 Step 03 - 102,151
420,二人,ふたり,two persons,Noun,Core 2000 Step 09 - 158,
421,大人しい,おとなしい,"gentle, quiet, subdued",Adjective,Core 2000 Step 10 - 026,22423
422,人々,ひとびと,people (polite),Noun,Core 2000 Step 10 - 139,492
423,一人で,ひとりで,by oneself,Adverb,Core 2000 Step 10 - 197,
424,外人,がいじん,"foreigner, alien (less polite)",Noun,Core 2000 Step 06 - 183,7325
425,外,そと,"outside, open air",Noun,Core 2000 Step 10 - 078,262
426,休日,きゅうじつ,"holiday, day off",Noun,Core 2000 Step 06 - 052,8581
427,休み,やすみ,"rest, holiday, absence",Noun,Core 2000 Step 06 - 159,4526
428,力,ちから,"strength, power",Noun,Core 2000 Step 03 - 089,235
429,協力,きょうりょく,"cooperation, collaboration",Verbal Noun,Core 2000 Step 04 - 046,2064
430,人口,じんこう,population,Noun,Core 2000 Step 04 - 136,6109
431,出口,でぐち,"exit, exit ramp",Noun,Core 2000 Step 08 - 001,3680
432,ただ,ただ,free,Noun,Core 2000 Step 03 - 136,158
433,入り口,いりぐち,entrance,Noun,Core 2000 Step 09 - 022,3549
434,右手,みぎて,right hand,Noun,Core 2000 Step 06 - 107,1045
435,左手,ひだりて,left hand,Noun,Core 2000 Step 06 - 194,1427
436,下手,へた,not good at,Adjectival Noun,Core 2000 Step 10 - 152,3085
437,これら,これら,these,Noun,Core 2000 Step 03 - 137,1380
438,足りる,たりる,"be enough, be sufficient",Verb,Core 2000 Step 06 - 165,2084
439,足す,たす,"add, supplement<div>(the same kind of thing)</div>",Verb,Core 2000 Step 08 - 108,6806
440,山,やま,mountain,Noun,Core 2000 Step 10 - 172,380
441,川,かわ,"river, stream",Noun,Core 2000 Step 05 - 011,744
442,いずれ,いずれ,"eventually, sometime",Adverb,Core 2000 Step 03 - 145,707
443,空く,あく,become available or vacant,Verb,Core 2000 Step 07 - 164,3139
444,空手,からて,"karate, empty hand",Noun,Core 2000 Step 10 - 041,19205
445,空,そら,"sky, weather",Noun,Core 2000 Step 10 - 082,425
446,海外,かいがい,"overseas, abroad",Noun,Core 2000 Step 04 - 132,5834
447,あまり,あまり,"(not) really, (not) very",Adverb,Core 2000 Step 03 - 166,361
448,海,うみ,"sea, ocean",Noun,Core 2000 Step 04 - 137,493
449,毎日,まいにち,every day,Noun,Core 2000 Step 04 - 166,1034
450,毎年,まいとし,every year (less formal),Noun,Core 2000 Step 05 - 161,4659
451,なお,なお,"still, in addition",Adverb,Core 2000 Step 03 - 174,1007
452,毎週,まいしゅう,every week,Noun,Core 2000 Step 06 - 197,12405
453,毎月,まいつき,every month,Noun,Core 2000 Step 10 - 157,9249
454,石,いし,"stone, small rock",Noun,Core 2000 Step 06 - 020,566
455,田んぼ,たんぼ,rice field,Noun,Core 2000 Step 08 - 036,17942
456,ほぼ,ほぼ,"roughly, nearly",Adverb,Core 2000 Step 03 - 189,1835
457,花,はな,flower,Noun,Core 2000 Step 04 - 170,494
458,林,はやし,"woods, grove",Noun,Core 2000 Step 07 - 023,1498
459,森,もり,"thick woods, forest",Noun,Core 2000 Step 05 - 197,667
460,子,こ,"child, kid",Noun,Core 2000 Step 04 - 090,220
461,女の子,おんなのこ,"girl, baby girl",Noun,Core 2000 Step 05 - 165,754
462,男の子,おとこのこ,"boy, baby boy",Noun,Core 2000 Step 06 - 111,1937
463,私たち,わたしたち,we,Noun,Core 2000 Step 05 - 042,537
464,達する,たっする,"attain, reach",Verb,Core 2000 Step 04 - 015,4776
465,家,いえ,"house, home",Noun,Core 2000 Step 03 - 061,114
466,家内,かない,my wife,Noun,Core 2000 Step 08 - 164,5331
467,客,きゃく,"visitor, customer",Noun,Core 2000 Step 10 - 046,553
468,空気,くうき,"air, atmosphere",Noun,Core 2000 Step 04 - 115,891
469,気に入る,きにいる,"like, be pleased with",Verb,Core 2000 Step 07 - 069,1852
470,人気,にんき,popularity,Noun,Core 2000 Step 10 - 114,2264
471,雨,あめ,rain,Noun,Core 2000 Step 04 - 168,654
472,雪,ゆき,"snow, snowfall",Noun,Core 2000 Step 04 - 192,730
473,まとめる,まとめる,"gather together, summarize",Verb,Core 2000 Step 04 - 068,2578
474,青い,あおい,blue,Adjective,Core 2000 Step 06 - 074,1130
475,青,あお,"blue, green, green light",Noun,Core 2000 Step 06 - 169,1456
476,晴れ,はれ,"fine weather, clear sky",Noun,Core 2000 Step 09 - 017,14389
477,明らか,あきらか,"clear, obvious",Adjective,Core 2000 Step 03 - 074,948
478,やはり,やはり,"as expected, also, still",Adverb,Core 2000 Step 04 - 097,410
479,明るい,あかるい,"bright, cheerful",Adjective,Core 2000 Step 05 - 046,938
480,明日,あした,tomorrow,Noun,Core 2000 Step 09 - 091,706
481,暗い,くらい,"dark, dreary, shadowy",Adjective,Core 2000 Step 05 - 167,556
482,昨年,さくねん,last year (polite),Noun,Core 2000 Step 03 - 016,5504
483,はっきり,はっきり,"clearly, distinctly",Adverb,Core 2000 Step 04 - 102,456
484,一昨年,おととし,the year before last,Noun,Core 2000 Step 06 - 051,13709
485,一昨日,おととい,day before yesterday,Noun,Core 2000 Step 09 - 168,6991
486,東,ひがし,"east, eastern",Noun,Core 2000 Step 09 - 120,696
487,西,にし,"west, western",Noun,Core 2000 Step 09 - 153,1330
488,つまり,つまり,"in short, basically",Adverb,Core 2000 Step 04 - 103,342
489,南,みなみ,south,Noun,Core 2000 Step 10 - 165,1199
490,北,きた,north,Noun,Core 2000 Step 05 - 123,1155
491,方向,ほうこう,"direction, course",Noun,Core 2000 Step 03 - 155,1375
492,向かう,むかう,"face, head toward, confront",Verb,Core 2000 Step 04 - 036,353
493,ビル,ビル,building (ローマ字),Noun,Core 2000 Step 04 - 123,1403
494,向こう,むこう,"the other side, the other party, opponent",Noun,Core 2000 Step 05 - 169,892
495,向く,むく,"turn, face, look",Verb,Core 2000 Step 06 - 033,935
496,開く,あく,open が,Verb,Core 2000 Step 03 - 013,280
497,聞こえる,きこえる,"be heard, be audible",Verb,Core 2000 Step 05 - 060,418
498,もちろん,もちろん,"of course, needless to say",Adverb,Core 2000 Step 04 - 127,376
499,年間,ねんかん,period of one year,Noun,Core 2000 Step 04 - 065,1621
500,この間,このあいだ,"the other day, recently",Noun,Core 2000 Step 07 - 192,3418
501,間,あいだ,"interval, space between",Noun,Core 2000 Step 10 - 014,197
502,人間,にんげん,"human being, people",Noun,Core 2000 Step 10 - 115,140
503,かつて,かつて,"once, formerly",Adverb,Core 2000 Step 04 - 130,980
504,高さ,たかさ,height,Noun,Core 2000 Step 05 - 049,182214
505,最大,さいだい,"biggest, largest",Noun,Core 2000 Step 03 - 116,2294
506,初めて,はじめて,"first, for the first time",Adverb,Core 2000 Step 03 - 073,607
507,最初,さいしょ,"the beginning, first",Noun,Core 2000 Step 04 - 003,364
508,初め,はじめ,"beginning, start",Noun,Core 2000 Step 10 - 128,1640
509,今後,こんご,"after this, in the future (formal)",Noun,Core 2000 Step 03 - 032,2683
510,後[のち],のち,"after, afterwards (formal)",Noun,Core 2000 Step 03 - 163,
511,最後,さいご,"last, final",Noun,Core 2000 Step 04 - 049,347
512,なぜ,なぜ,"why, for what reason",Adverb,Core 2000 Step 04 - 154,293
513,明後日,あさって,day after tomorrow,Noun,Core 2000 Step 09 - 164,9900
514,牛,うし,"cattle, cow",Noun,Core 2000 Step 06 - 077,2134
515,半分,はんぶん,half,Noun,Core 2000 Step 04 - 179,952
516,半年,はんとし,half a year,Noun,Core 2000 Step 07 - 200,3053
517,そのまま,そのまま,"like that, unchanged",Adverb,Core 2000 Step 04 - 158,445
518,半月,はんつき,half a month,Noun,Core 2000 Step 10 - 133,7891
519,半日,はんにち,half a day,Noun,Core 2000 Step 10 - 134,8672
520,毎朝,まいあさ,every morning,Noun,Core 2000 Step 07 - 154,6784
521,今朝,けさ,this morning,Noun,Core 2000 Step 08 - 073,2125
522,もし,もし,"if, in case of",Adverb,Core 2000 Step 04 - 198,319
523,昼休み,ひるやすみ,"noon recess, lunch break",Noun,Core 2000 Step 08 - 148,7948
524,昼前,ひるまえ,"in the morning, before noon",Noun,Core 2000 Step 09 - 135,18725
525,昼間,ひるま,"daytime, day",Noun,Core 2000 Step 09 - 182,2646
526,毎晩,まいばん,every evening,Noun,Core 2000 Step 07 - 168,5367
527,つもり,つもり,"intention, plan",Noun,Core 2000 Step 05 - 005,297
528,今夜,こんや,"tonight, this evening",Noun,Core 2000 Step 08 - 014,958
529,昨夜,ゆうべ,"last night, last evening",Noun,Core 2000 Step 10 - 175,1349
530,夜中,よなか,"midnight, dead of night",Noun,Core 2000 Step 10 - 183,3254
531,夕方,ゆうがた,evening,Noun,Core 2000 Step 05 - 106,1631
532,やっと,やっと,"at last, finally (exclamation)",Adverb,Core 2000 Step 05 - 008,822
533,昼食,ちゅうしょく,lunch (formal),Noun,Core 2000 Step 10 - 093,4158
534,朝食,ちょうしょく,breakfast (formal),Noun,Core 2000 Step 10 - 095,3306
535,夕食,ゆうしょく,supper (polite),Noun,Core 2000 Step 10 - 174,2261
536,夕飯,ゆうはん,"evening meal, supper (かたい)",Noun,Core 2000 Step 09 - 062,8536
537,見方,みかた,"view, way of looking",Noun,Core 2000 Step 04 - 044,6304
538,花見,はなみ,cherry blossom viewing,Noun,Core 2000 Step 08 - 183,15129
539,言い方,いいかた,"way of speaking, expression",Noun,Core 2000 Step 06 - 161,2333
540,話,はなし,"talk, story",Noun,Core 2000 Step 03 - 067,123
541,ずっと,ずっと,"the whole time, from start to finish",Adverb,Core 2000 Step 05 - 027,404
542,読み,よみ,"reading, judgment, foresight",Noun,Core 2000 Step 07 - 032,10226
543,読み方,よみかた,"way to read, reading",Noun,Core 2000 Step 09 - 020,23580
544,語る,かたる,"tell (a story), talk about",Verb,Core 2000 Step 03 - 035,680
545,言語,げんご,"language, speech",Noun,Core 2000 Step 04 - 071,4325
546,文字,もじ,"character, letter",Noun,Core 2000 Step 04 - 089,1331
547,字,じ,"character, letter, handwriting",Noun,Core 2000 Step 09 - 194,1378
548,書き方,かきかた,"how to write, way of writing",Noun,Core 2000 Step 08 - 083,18290
549,覚める,さめる,"awake, wake up (目が)",Verb,Core 2000 Step 08 - 147,3805
550,覚ます,さます,"awaken, wake up 目を",Verb,Core 2000 Step 09 - 008,3996
551,大会,たいかい,"mass meeting, tournament",Noun,Core 2000 Step 04 - 109,5158
552,しばらく,しばらく,"a short while, long time, for the time being",Adverb,Core 2000 Step 05 - 048,390
553,会話,かいわ,conversation,Verbal Noun,Core 2000 Step 07 - 090,1319
554,話し合う,はなしあう,"discuss, talk about",Verb,Core 2000 Step 04 - 189,3978
555,合う,あう,fit,Verb,Core 2000 Step 04 - 194,601
556,間に合う,まにあう,"be in time, serve (my) purpose<br>なくても〜 do without",Verb,Core 2000 Step 06 - 147,3366
557,会社,かいしゃ,"company, corporation",Noun,Core 2000 Step 03 - 054,705
558,社会,しゃかい,society,Noun,Core 2000 Step 03 - 086,1263
559,社員,しゃいん,"staff member, employee",Noun,Core 2000 Step 04 - 149,3211
560,仕方,しかた,"way, method",Noun,Core 2000 Step 06 - 059,918
561,うまい,うまい,good at (informal),Adjective,Core 2000 Step 05 - 066,508
562,食事,しょくじ,"meal, dinner (formal)",Verbal Noun,Core 2000 Step 05 - 043,852
563,火事,かじ,fire (emergency),Noun,Core 2000 Step 07 - 112,4297
564,大事,だいじ,important (thing),Adjectival Noun,Core 2000 Step 10 - 085,1121
565,事故,じこ,"accident, incident",Noun,Core 2000 Step 03 - 146,1886
566,工事,こうじ,construction work,Verbal Noun,Core 2000 Step 04 - 165,4630
567,工場,こうじょう,"factory, plant",Noun,Core 2000 Step 03 - 097,2001
568,電話,でんわ,"telephone, phone call",Verbal Noun,Core 2000 Step 03 - 147,286
569,電気,でんき,"electricity, electric light",Noun,Core 2000 Step 05 - 187,3376
570,車,くるま,car,Noun,Core 2000 Step 04 - 012,305
571,駅員,えきいん,station attendant,Noun,Core 2000 Step 07 - 150,13050
572,通り,とおり,"boulevard, street",Noun,Core 2000 Step 05 - 035,372
573,通る,とおる,"pass, take (a road), go through",Verb,Core 2000 Step 05 - 055,685
574,通う,かよう,"go (a place) often, go to and from",Verb,Core 2000 Step 05 - 112,1820
575,交通事故,こうつうじこ,traffic accident,Noun,Core 2000 Step 06 - 140,10411
576,水道,すいどう,"tap water, water supply",Noun,Core 2000 Step 07 - 047,11452
577,車道,しゃどう,"road, roadway (for vehicles)",Noun,Core 2000 Step 10 - 069,14580
578,トラック,トラック,"truck, lorry",Noun,Core 2000 Step 05 - 095,2762
579,道路,どうろ,"road, street",Noun,Core 2000 Step 04 - 173,1944
580,土地,とち,land,Noun,Core 2000 Step 03 - 108,1028
581,地図,ちず,"map, atlas",Noun,Core 2000 Step 05 - 162,2539
582,止める,とめる,"stop (sth), turn off",Verb,Core 2000 Step 08 - 178,652
583,止まる,とまる,"come to a stop, cease",Verb,Core 2000 Step 09 - 151,1321
584,止む,やむ,"<!--anki-->cease, stop,&nbsp;let up",Verb,Core 2000 Step 09 - 161,5131
585,歩道,ほどう,"sidewalk, footpath",Noun,Core 2000 Step 07 - 188,5912
586,うまい,うまい,"delicious, tasty (informal)",Adjective,Core 2000 Step 05 - 100,508
587,渡す,わたす,"<!--anki-->hand over, carry across",Verb,Core 2000 Step 05 - 151,921
588,渡る,わたる,"cross, ford, go across",Verb,Core 2000 Step 06 - 076,1078
589,年度,ねんど,"fiscal year, school year",Noun,Core 2000 Step 04 - 020,16954
590,今度,こんど,"this time, next time",Noun,Core 2000 Step 04 - 159,427
591,ガラス,ガラス,glass (the material),Noun,Core 2000 Step 05 - 103,1591
592,何度,なんど,"how many degrees, how many times",Noun,Core 2000 Step 06 - 123,161821
593,最近,さいきん,"lately, recent",Noun,Core 2000 Step 03 - 031,1086
594,遠く,とおく,great distance,Adverb,Core 2000 Step 05 - 179,1295
595,社長,しゃちょう,president (of a company),Noun,Core 2000 Step 03 - 079,1181
596,会長,かいちょう,"chairman, president",Noun,Core 2000 Step 03 - 133,2939
597,長さ,ながさ,length,Noun,Core 2000 Step 05 - 092,4968
598,長男,ちょうなん,eldest son,Noun,Core 2000 Step 05 - 127,4137
599,長女,ちょうじょ,eldest daughter,Noun,Core 2000 Step 10 - 094,9579
600,広がる,ひろがる,"spread out, reach が",Verb,Core 2000 Step 03 - 138,1652
601,広さ,ひろさ,"area, extent",Noun,Core 2000 Step 07 - 031,161821
602,全体,ぜんたい,"whole, total",Noun,Core 2000 Step 03 - 162,1372
603,全く,まったく,"entirely, truly, indeed",Adverb,Core 2000 Step 04 - 043,850
604,安全,あんぜん,"safety, security",Adjectival Noun,Core 2000 Step 04 - 181,2059
605,一部,いちぶ,part,Noun,Core 2000 Step 03 - 075,1249
606,部分,ぶぶん,"part, section",Noun,Core 2000 Step 03 - 118,851
607,国内,こくない,"domestic, internal",Noun,Core 2000 Step 03 - 052,5114
608,どんどん,どんどん,knock (sound),Adverb,Core 2000 Step 05 - 111,2119
609,全国,ぜんこく,the whole country,Noun,Core 2000 Step 03 - 080,5049
610,外国,がいこく,foreign country,Noun,Core 2000 Step 03 - 148,2610
611,国会,こっかい,"National Diet, parliament",Noun,Core 2000 Step 03 - 188,14767
612,帰国,きこく,return to one's country,Verbal Noun,Core 2000 Step 04 - 167,3480
613,外国人,がいこくじん,foreigner (polite),Noun,Core 2000 Step 04 - 172,4495
614,外国語,がいこくご,foreign language,Noun,Core 2000 Step 07 - 001,17985
615,世界,せかい,world,Noun,Core 2000 Step 03 - 033,301
616,黒い,くろい,black<div><br /></div>,Adjective,Core 2000 Step 05 - 131,504
617,黒,くろ,black,Noun,Core 2000 Step 06 - 100,1117
618,赤ちゃん,あかちゃん,baby,Noun,Core 2000 Step 06 - 012,7148
619,赤,あか,red,Noun,Core 2000 Step 06 - 108,1154
620,ビール,ビール,"beer, lager",Noun,Core 2000 Step 05 - 145,1892
621,銀行,ぎんこう,bank,Noun,Core 2000 Step 03 - 152,1966
622,銀,ぎん,silver,Noun,Core 2000 Step 06 - 137,1450
623,地下鉄,ちかてつ,subway,Noun,Core 2000 Step 06 - 011,7042
624,牛肉,ぎゅうにく,beef,Noun,Core 2000 Step 05 - 191,13401
625,肉,にく,"meat, flesh",Noun,Core 2000 Step 10 - 112,1100
626,魚,さかな,fish,Noun,Core 2000 Step 09 - 053,1271
627,分野,ぶんや,"field, sphere",Noun,Core 2000 Step 03 - 053,7291
628,野菜,やさい,vegetable,Noun,Core 2000 Step 05 - 150,4812
629,本屋,ほんや,"bookstore, bookseller",Noun,Core 2000 Step 08 - 030,10368
630,八百屋,やおや,"vegetable store, greengrocer",Noun,Core 2000 Step 08 - 141,14531
631,そば屋,そばや,soba restaurant,Noun,Core 2000 Step 09 - 200,26827
632,たばこ屋,たばこや,"cigarette shop, tobacco store",Noun,Core 2000 Step 10 - 001,
633,お茶,おちゃ,tea (polite),Noun,Core 2000 Step 07 - 096,1663
634,茶わん,ちゃわん,"rice bowl, tea cup",Noun,Core 2000 Step 10 - 092,20997
635,味,あじ,"taste, flavor",Noun,Core 2000 Step 05 - 137,1304
636,未来,みらい,future,Noun,Core 2000 Step 06 - 029,2002
637,週末,しゅうまつ,weekend,Noun,Core 2000 Step 06 - 163,10666
638,料理,りょうり,"cooking;<br>handling, management",Verbal Noun,Core 2000 Step 05 - 114,1345
639,無理,むり,"unreasonable, impossible, forced",Adjectival Noun,Core 2000 Step 05 - 121,699
640,あちこち,あちこち,"all over, here and there",Noun,Core 2000 Step 05 - 173,1737
641,なくす,なくす,"lose, get rid of",Verb,Core 2000 Step 09 - 117,3659
642,無くなる,なくなる,"disappear, run short, get lost",Verb,Core 2000 Step 09 - 152,10746
643,作文,さくぶん,"composition, essay",Noun,Core 2000 Step 07 - 064,16994
644,用いる,もちいる,"use, make use of",Verb,Core 2000 Step 03 - 034,2259
645,用事,ようじ,"things to do, errand, business",Noun,Core 2000 Step 08 - 057,3034
646,交通費,こうつうひ,"traveling expense, transportation cost",Noun,Core 2000 Step 08 - 190,42065
647,消える,きえる,"be extinguished, disappear",Verb,Core 2000 Step 03 - 119,435
648,消しゴム,けしごむ,(rubber) eraser,Noun,Core 2000 Step 09 - 095,27534
649,売れる,うれる,"be sold, be in demand",Verb,Core 2000 Step 05 - 074,3773
650,売り場,うりば,"sales floor, department",Noun,Core 2000 Step 06 - 170,16415
651,店員,てんいん,"clerk, salesperson",Noun,Core 2000 Step 07 - 048,4998
652,売店,ばいてん,"kiosk, store",Noun,Core 2000 Step 08 - 027,13766
653,商品,しょうひん,"goods, commodities",Noun,Core 2000 Step 03 - 196,4373
654,作品,さくひん,"work of art, piece",Noun,Core 2000 Step 04 - 057,956
655,販売,はんばい,"sale, selling",Verbal Noun,Core 2000 Step 03 - 020,7762
656,二階,にかい,"second floor, upstairs",Noun,Core 2000 Step 09 - 102,
657,ゆっくり,ゆっくり,slowly,Adverb,Core 2000 Step 05 - 189,471
658,段階,だんかい,"stage, step",Noun,Core 2000 Step 03 - 194,2734
659,階段,かいだん,"steps, flight of stairs",Noun,Core 2000 Step 06 - 042,737
660,段々,だんだん,"gradually, one after another",Adverb,Core 2000 Step 09 - 147,10271
661,値段,ねだん,price,Noun,Core 2000 Step 05 - 091,4154
662,価格,かかく,"price, cost (formal)",Noun,Core 2000 Step 03 - 068,10514
663,合格,ごうかく,"passing an examination, eligibility",Verbal Noun,Core 2000 Step 05 - 153,8469
664,夏休み,なつやすみ,summer vacation,Noun,Core 2000 Step 05 - 160,5532
665,冬休み,ふゆやすみ,winter vacation,Noun,Core 2000 Step 09 - 060,27247
666,四季,しき,the four seasons,Noun,Core 2000 Step 08 - 035,9233
667,暑さ,あつさ,"heat, summer heat",Noun,Core 2000 Step 07 - 093,145003
668,熱,ねつ,"fever, heat",Noun,Core 2000 Step 05 - 090,1712
669,寒さ,さむさ,"coldness, cold",Noun,Core 2000 Step 09 - 176,85019
670,アルバイト,アルバイト,"casual job, student job, part-time job",Verbal Noun,Core 2000 Step 06 - 018,5560
671,暖める,あたためる,"warm up (something), heat up を",Verb,Core 2000 Step 09 - 167,17301
672,暖まる,あたたまる, get warm が,Verb,Core 2000 Step 10 - 017,26108
673,温度,おんど,temperature,Noun,Core 2000 Step 05 - 040,7835
674,気温,きおん,atmospheric temperature,Noun,Core 2000 Step 06 - 198,9372
675,台,だい,"stand, platform",Noun,Core 2000 Step 10 - 084,932
676,風,かぜ,wind,Noun,Core 2000 Step 05 - 044,287
677,台風,たいふう,typhoon,Noun,Core 2000 Step 05 - 177,7948
678,事情,じじょう,"circumstances, conditions",Noun,Core 2000 Step 04 - 085,1000
679,ぶつかる,ぶつかる,"hit, bump into に",Verb,Core 2000 Step 06 - 025,1758
680,情報,じょうほう,information,Noun,Core 2000 Step 03 - 017,930
681,報告,ほうこく,report,Verbal Noun,Core 2000 Step 03 - 195,955
682,新聞,しんぶん,newspaper,Noun,Core 2000 Step 03 - 183,907
683,新年,しんねん,New Year,Noun,Core 2000 Step 07 - 127,14359
684,良い,よい,good,Adjective,Core 2000 Step 10 - 179,584
685,中心,ちゅうしん,"center, middle, core",Noun,Core 2000 Step 03 - 037,1386
686,安心,あんしん,"peace of mind, relief",Verbal Noun,Core 2000 Step 06 - 132,1139
687,思い出す,おもいだす,"recollect, recall",Verb,Core 2000 Step 05 - 138,483
688,思い出,おもいで,"recollections, memory",Noun,Core 2000 Step 06 - 037,2684
689,考え,かんがえ,"thought, view, idea",Noun,Core 2000 Step 05 - 031,615
690,解決,かいけつ,"solution, settlement",Verbal Noun,Core 2000 Step 03 - 063,2032
691,知らせる,しらせる,"let know, inform",Verb,Core 2000 Step 07 - 058,1868
692,能力,のうりょく,"ability, capacity",Noun,Core 2000 Step 04 - 002,1395
693,可能,かのう,"possible, potential",Adjectival Noun,Core 2000 Step 03 - 177,1845
694,可,か,"permitted, OK",Noun,Core 2000 Step 10 - 200,3980
695,郵便,ゆうびん,mail,Noun,Core 2000 Step 07 - 148,14706
696,不便,ふべん,inconvenient,Adjectival Noun,Core 2000 Step 08 - 134,9805
697,郵便屋さん,ゆうびんやさん,mailman,Noun,Core 2000 Step 10 - 199,
698,郵便局,ゆうびんきょく,post office,Noun,Core 2000 Step 06 - 084,11321
699,交番,こうばん,police box,Noun,Core 2000 Step 08 - 074,12590
700,番地,ばんち,"house number, address",Noun,Core 2000 Step 09 - 082,9352
701,番号,ばんごう,number,Noun,Core 2000 Step 06 - 071,3910
702,場所,ばしょ,"place, space",Noun,Core 2000 Step 04 - 007,325
703,近所,きんじょ,neighborhood,Noun,Core 2000 Step 05 - 128,1907
704,台所,だいどころ,kitchen,Noun,Core 2000 Step 06 - 060,1748
705,住所,じゅうしょ,"address, one's dwelling",Noun,Core 2000 Step 07 - 004,3291
706,便所,べんじょ,"bathroom, lavatory",Noun,Core 2000 Step 10 - 154,6177
707,有名,ゆうめい,famous,Adjectival Noun,Core 2000 Step 05 - 070,1459
708,おかしい,おかしい,"strange, peculiar, suspicious",Adjective,Core 2000 Step 06 - 075,772
709,名字,みょうじ,"surname, family name",Noun,Core 2000 Step 09 - 033,20172
710,氏名,しめい,full name,Noun,Core 2000 Step 10 - 067,16015
711,各国,かっこく,every country,Noun,Core 2000 Step 04 - 118,10697
712,町,まち,"town, city quarter",Noun,Core 2000 Step 10 - 162,313
713,都市,とし,"city, urban community",Noun,Core 2000 Step 03 - 197,1964
714,都合,つごう,circumstances,Noun,Core 2000 Step 08 - 094,2058
715,朝ご飯,あさごはん,breakfast,Noun,Core 2000 Step 10 - 016,31094
716,買い物,かいもの,"shopping, purchase",Verbal Noun,Core 2000 Step 06 - 019,5846
717,荷物,にもつ,"baggage, package",Noun,Core 2000 Step 06 - 094,1789
718,品物,しなもの,"article, thing",Noun,Core 2000 Step 06 - 102,4218
719,見物,けんぶつ,"sightseeing, looking around",Verbal Noun,Core 2000 Step 07 - 057,2836
720,物,もの,"thing, object",Noun,Core 2000 Step 07 - 146,531
721,忘れ物,わすれもの,"something left behind, lost item",Noun,Core 2000 Step 09 - 110,17535
722,重さ,おもさ,weight,Noun,Core 2000 Step 06 - 128,182214
723,配る,くばる,"hand out, distribute",Verb,Core 2000 Step 06 - 063,4186
724,配達,はいたつ,delivery,Verbal Noun,Core 2000 Step 07 - 128,11799
725,心配,しんぱい,"anxiety, worry, assistance",Verbal Noun,Core 2000 Step 10 - 073,436
726,見送る,みおくる,see (someone) off,Verb,Core 2000 Step 06 - 032,2124
727,見送り,みおくり,seeing someone off,Verbal Noun,Core 2000 Step 07 - 190,10109
728,受ける,うける,"receive, accept",Verb,Core 2000 Step 03 - 014,302
729,受け取る,うけとる,"get (st from so), receive<div>take (as in take as an insult)</div>",Verb,Core 2000 Step 05 - 134,1542
730,取れる,とれる,"come off, be removed",Verb,Core 2000 Step 07 - 144,3521
731,書き取る,かきとる,"write down, note down",Verb,Core 2000 Step 10 - 031,42439
732,届く,とどく,"reach, be delivered",Verb,Core 2000 Step 04 - 096,1294
733,届ける,とどける,"deliver, notify",Verb,Core 2000 Step 06 - 148,3335
734,持つ,もつ,"last long, keep well",Verb,Core 2000 Step 03 - 010,127
735,金持ち,かねもち,wealthy person,Noun,Core 2000 Step 06 - 172,6266
736,持って行く,もっていく,take (somewhere),Verb,Core 2000 Step 09 - 061,
737,なかなか,なかなか,"not easily, not readily, by no means",Adverb,Core 2000 Step 06 - 134,740
738,持って来る,もってくる,bring (something),Verb,Core 2000 Step 09 - 142,
739,打つ,うつ,"hit, strike",Verb,Core 2000 Step 05 - 067,552
740,投げる,なげる,"throw, give up",Verb,Core 2000 Step 06 - 115,1175
741,生まれる,うまれる,"be born, come into existence",Verb,Core 2000 Step 03 - 123,727
742,生む,うむ,give birth,Verb,Core 2000 Step 06 - 040,2660
743,女性,じょせい,"female, woman (formal)",Noun,Core 2000 Step 03 - 060,399
744,生産,せいさん,production,Verbal Noun,Core 2000 Step 03 - 099,5976
745,お土産,おみやげ,souvenir,Noun,Core 2000 Step 10 - 029,14977
746,ホーム,ホーム,(train) platform,Noun,Core 2000 Step 06 - 139,4075
747,生活,せいかつ,"life, living",Verbal Noun,Core 2000 Step 03 - 046,490
748,生徒,せいと,"pupil, student",Noun,Core 2000 Step 04 - 157,1247
749,中学,ちゅうがく,middle school (abbrev.),Noun,Core 2000 Step 05 - 079,2869
750,入学,にゅうがく,"admission to a school, starting school",Verbal Noun,Core 2000 Step 05 - 130,6150
751,中学生,ちゅうがくせい,middle school sudent,Noun,Core 2000 Step 05 - 157,4906
752,小学生,しょうがくせい,elementary school student,Noun,Core 2000 Step 06 - 015,4979
753,見学,けんがく,field trip,Verbal Noun,Core 2000 Step 06 - 144,9058
754,通学,つうがく,going to school,Verbal Noun,Core 2000 Step 06 - 188,17566
755,高校,こうこう,high school,Noun,Core 2000 Step 04 - 164,2023
756,小学校,しょうがっこう,elementary school,Noun,Core 2000 Step 05 - 013,2630
757,中学校,ちゅうがっこう,middle school,Noun,Core 2000 Step 05 - 196,8357
758,校長,こうちょう,principal,Noun,Core 2000 Step 06 - 030,5552
759,パン,パン,bread,Noun,Core 2000 Step 06 - 155,2140
760,休校,きゅうこう,temporary school closure,Verbal Noun,Core 2000 Step 09 - 073,69165
761,教会,きょうかい,church,Noun,Core 2000 Step 06 - 027,1777
762,教育,きょういく,education,Verbal Noun,Core 2000 Step 04 - 072,2316
763,育てる,そだてる,"raise, bring up",Verb,Core 2000 Step 05 - 039,2615
764,びっくりする,びっくりする,be surprised,Verb,Core 2000 Step 06 - 156,
765,育つ,そだつ,"grow, be raised",Verb,Core 2000 Step 06 - 016,2362
766,制度,せいど,"system, organization",Noun,Core 2000 Step 03 - 142,4944
767,強さ,つよさ,"strength, power",Noun,Core 2000 Step 06 - 066,137227
768,取引,とりひき,"transaction, dealings",Verbal Noun,Core 2000 Step 04 - 074,6077
769,ズボン,ズボン,"trousers, pants",Noun,Core 2000 Step 06 - 164,2842
770,引き出し,ひきだし,"drawer, withdrawal",Noun,Core 2000 Step 08 - 184,8516
771,押さえる,おさえる,"hold down, hold back",Verb,Core 2000 Step 07 - 056,2269
772,押し入れ,おしいれ,closet,Noun,Core 2000 Step 08 - 101,16739
773,練習,れんしゅう,"practice, training",Verbal Noun,Core 2000 Step 06 - 065,2943
774,おもちゃ,おもちゃ,"toy, plaything",Noun,Core 2000 Step 06 - 171,9827
775,習う,ならう,"learn, practice",Verb,Core 2000 Step 06 - 191,4760
776,慣れる,なれる,grow accustomed to,Verb,Core 2000 Step 05 - 193,1694
777,習慣,しゅうかん,"custom, habit",None,Core 2000 Step 06 - 114,2807
778,研究,けんきゅう,"research, study",Verbal Noun,Core 2000 Step 03 - 023,1054
779,試験,しけん,"exam, test",Verbal Noun,Core 2000 Step 05 - 176,3940
780,問題,もんだい,"problem, question",Noun,Core 2000 Step 03 - 001,314
781,簡単,かんたん,"simple, easy",Adjectival Noun,Core 2000 Step 04 - 066,815
782,複雑,ふくざつ,"complicated, intricate",Adjectival Noun,Core 2000 Step 04 - 162,2303
783,数字,すうじ,"figure, numeral",Noun,Core 2000 Step 05 - 007,3255
784,数学,すうがく,mathematics,Noun,Core 2000 Step 05 - 129,7234
785,数える,かぞえる,to count,Verb,Core 2000 Step 06 - 017,2881
786,今回,こんかい,this time,Noun,Core 2000 Step 03 - 092,1493
787,回る,まわる,"turn round, go round, detour",Verb,Core 2000 Step 04 - 163,1168
788,回す,まわす,"turn, rotate",Verb,Core 2000 Step 06 - 023,1951
789,個人,こじん,"individual, personal",Noun,Core 2000 Step 04 - 041,2009
790,担当,たんとう,in charge (of something),Verbal Noun,Core 2000 Step 04 - 047,2423
791,当たる,あたる,"hit, strike",Verb,Core 2000 Step 04 - 083,1596
792,当時,とうじ,at that time,Noun,Core 2000 Step 04 - 113,666
793,本当,ほんとう,"truth, reality, genuine",Noun,Core 2000 Step 10 - 156,816
794,当然,とうぜん,"naturally, of course",Adjectival Noun,Core 2000 Step 04 - 064,575
795,全然,ぜんぜん,"(not) at all, totally (not)",Adverb,Core 2000 Step 07 - 105,1352
796,方法,ほうほう,"way, method, procedure",Noun,Core 2000 Step 03 - 029,839
797,法律,ほうりつ,law,Noun,Core 2000 Step 05 - 024,4409
798,規則,きそく,"rule, regulation",Noun,Core 2000 Step 05 - 178,6828
799,オートバイ,オートバイ,"motorbike, motorcycle",Noun,Core 2000 Step 06 - 182,12098
800,経験,けいけん,experience,Verbal Noun,Core 2000 Step 04 - 001,1144
801,経つ,たつ,"pass, elapse",Verb,Core 2000 Step 04 - 169,1779
802,経済,けいざい,"economy, economics",Noun,Core 2000 Step 03 - 044,3852
803,経営,けいえい,"management, operation",Verbal Noun,Core 2000 Step 03 - 167,3235
804,ひどい,ひどい,"terrible, cruel",Adjective,Core 2000 Step 06 - 195,430
805,株,かぶ,"stocks, shares",Noun,Core 2000 Step 03 - 159,5970
806,企業,きぎょう,"business, corporation",Noun,Core 2000 Step 03 - 005,4239
807,作業,さぎょう,"work, operation",Verbal Noun,Core 2000 Step 03 - 095,1575
808,産業,さんぎょう,industry,Noun,Core 2000 Step 04 - 021,6813
809,工業,こうぎょう,manufacturing industry,Noun,Core 2000 Step 05 - 068,10336
810,商業,しょうぎょう,"business, commerce",Noun,Core 2000 Step 06 - 129,13385
811,利用,りよう,"utilization, usage",Verbal Noun,Core 2000 Step 03 - 008,1441
812,便利,べんり,"convenience, handiness",Adjectival Noun,Core 2000 Step 06 - 157,5306
813,技術,ぎじゅつ,"skill, technology",Noun,Core 2000 Step 03 - 101,1885
814,手術,しゅじゅつ,surgical operation,Verbal Noun,Core 2000 Step 04 - 184,3449
815,製造,せいぞう,"production, manufacture",Verbal Noun,Core 2000 Step 04 - 142,7057
816,必ず,かならず,"without fail, certainly",Adverb,Core 2000 Step 05 - 006,996
817,必要,ひつよう,"need, necessity",Adjectival Noun,Core 2000 Step 03 - 004,279
818,重要,じゅうよう,"important, essential",Adjectival Noun,Core 2000 Step 03 - 082,1582
819,要求,ようきゅう,"requirement, demand",Verbal Noun,Core 2000 Step 04 - 024,1746
820,目覚まし時計,めざましどけい,alarm clock,Noun,Core 2000 Step 09 - 137,30129
821,いつでも,いつでも,"at any time, always",Adverb,Core 2000 Step 07 - 026,
822,計算,けいさん,calculation,Verbal Noun,Core 2000 Step 03 - 175,2399
823,引き算,ひきざん,subtraction,Verbal Noun,Core 2000 Step 09 - 134,55415
824,足し算,たしざん,addition,Verbal Noun,Core 2000 Step 09 - 146,51834
825,交差点,こうさてん,"intersection, crossing",Noun,Core 2000 Step 08 - 145,9611
826,割る,わる,"divide (st), crack, split",Verb,Core 2000 Step 06 - 085,2520
827,割れる,われる,"(st) cracks, splits, breaks (が)",Verb,Core 2000 Step 07 - 149,3400
828,割り算,わりざん,division,Verbal Noun,Core 2000 Step 10 - 012,84451
829,残る,のこる,"remain, be left over",Verb,Core 2000 Step 03 - 193,394
830,残す,のこす,"leave, reserve, leave undone",Verb,Core 2000 Step 04 - 070,629
831,返す,かえす,"return, repay",Verb,Core 2000 Step 05 - 195,659
832,返事,へんじ,"answer, reply",Verbal Noun,Core 2000 Step 10 - 153,741
833,借りる,かりる,borrow,Verb,Core 2000 Step 05 - 050,1195
834,貸す,かす,"lend, rent",Verb,Core 2000 Step 06 - 104,1689
835,貸し出す,かしだす,lend out<br>(used for businesses/banks),Verb,Core 2000 Step 08 - 006,46186
836,申し込む,もうしこむ,"apply for, make a proposal",Verb,Core 2000 Step 07 - 067,11078
837,期待,きたい,"expectation, anticipation",Verbal Noun,Core 2000 Step 03 - 088,1188
838,おかしい,おかしい,"funny, amusing, comical",Adjective,Core 2000 Step 07 - 041,772
839,期間,きかん,period (of time),Noun,Core 2000 Step 04 - 093,4667
840,時期,じき,"time, period, season",Noun,Core 2000 Step 04 - 141,1651
841,限る,かぎる,be limited to,Verb,Core 2000 Step 04 - 131,1594
842,急ぐ,いそぐ,"hurry, hasten",Verb,Core 2000 Step 05 - 004,857
843,急に,きゅうに,"suddenly, unexpectedly",Adverb,Core 2000 Step 05 - 164,59483
844,急,きゅう,"urgent, sudden, steep",Adjectival Noun,Core 2000 Step 05 - 188,525
845,急行,きゅうこう,"express train, going in a hurry",Noun,Core 2000 Step 08 - 144,8803
846,切れる,きれる,"run out, expire",Verb,Core 2000 Step 05 - 174,1211
847,切手,きって,postage stamp,Noun,Core 2000 Step 07 - 152,15403
848,売り切れる,うりきれる,"be sold out, go out of stock",Verb,Core 2000 Step 08 - 100,39733
849,売り切れ,うりきれ,sold out,Noun,Core 2000 Step 09 - 127,59086
850,大切,たいせつ,"important, valuable",Adjectival Noun,Core 2000 Step 10 - 086,1813
851,切符,きっぷ,ticket,Noun,Core 2000 Step 07 - 081,6392
852,入場券,にゅうじょうけん,entrance ticket,Noun,Core 2000 Step 09 - 002,36062
853,家賃,やちん,rent (money),Noun,Core 2000 Step 06 - 054,10267
854,時代,じだい,"age, era, antiquity",Noun,Core 2000 Step 04 - 140,511
855,代わる,かわる,"take (st/sb's) place, substitute for",Verb,Core 2000 Step 05 - 076,4884
856,代える,かえる,"replace (O1を) with (O2に), substitute",Verb,Core 2000 Step 08 - 143,12705
857,指,ゆび,"finger, toe",Noun,Core 2000 Step 10 - 177,578
858,決定,けってい,decision,Verbal Noun,Core 2000 Step 03 - 154,2533
859,そろそろ,そろそろ,"soon, slowly, gingerly",Adverb,Core 2000 Step 07 - 053,1478
860,一定,いってい,"constant, fixed",Verbal Noun,Core 2000 Step 04 - 094,5562
861,定期券,ていきけん,commuter pass,Noun,Core 2000 Step 09 - 030,40273
862,予定,よてい,"schedule, plan",Verbal Noun,Core 2000 Step 03 - 096,1755
863,天気予報,てんきよほう,weather forecast,Noun,Core 2000 Step 08 - 037,21544
864,ぶどう,ぶどう,grapes,Noun,Core 2000 Step 07 - 054,18026
865,予習,よしゅう,preparation for class,Verbal Noun,Core 2000 Step 09 - 138,38466
866,予約,よやく,"reservation, subscription, appointment",Verbal Noun,Core 2000 Step 06 - 050,7011
867,約束,やくそく,"promise, vow",Verbal Noun,Core 2000 Step 05 - 084,773
868,変わる,かわる,change が,Verb,Core 2000 Step 03 - 078,501
869,めったに,めったに,rarely,Adverb,Core 2000 Step 07 - 061,4581
870,大変,たいへん,"awful, serious",Adjectival Noun,Core 2000 Step 05 - 025,874
871,変,へん,"strange, weird, funny",Adjectival Noun,Core 2000 Step 08 - 039,947
872,変化,へんか,change,Verbal Noun,Core 2000 Step 03 - 104,1225
873,強化,きょうか,strengthening,Verbal Noun,Core 2000 Step 03 - 180,6294
874,文化,ぶんか,culture,Noun,Core 2000 Step 04 - 060,1900
875,増える,ふえる,"increase, accrue が",Verb,Core 2000 Step 03 - 042,2527
876,増やす,ふやす,"increase (something), add を",Verb,Core 2000 Step 05 - 038,9722
877,減る,へる,"decrease, diminish が",Verb,Core 2000 Step 03 - 109,3009
878,減らす,へらす,"decrease (something), reduce を",Verb,Core 2000 Step 05 - 082,10589
879,乗り物,のりもの,"vehicle, means of transportation",Noun,Core 2000 Step 08 - 053,17056
880,降りる,おりる,"get off, land",Verb,Core 2000 Step 05 - 198,684
881,降ろす,おろす,"unload, lower",Verb,Core 2000 Step 09 - 024,5955
882,降る,ふる,"fall, come down, rain",Verb,Core 2000 Step 10 - 149,1417
883,着く,つく,"arrive, touch, take one's place",Verb,Core 2000 Step 05 - 077,775
884,着物,きもの,"kimono, clothes",Noun,Core 2000 Step 07 - 002,1986
885,下着,したぎ,underwear,Noun,Core 2000 Step 07 - 159,3959
886,上着,うわぎ,outerwear,Noun,Core 2000 Step 08 - 081,3819
887,着せる,きせる,"dress (sb), put clothes on (sb)",Verb,Core 2000 Step 08 - 139,4907
888,脱ぐ,ぬぐ,"remove clothes, take off",Verb,Core 2000 Step 08 - 051,1729
889,立場,たちば,"standpoint, position",Noun,Core 2000 Step 03 - 170,1221
890,目立つ,めだつ,"stand out, be conspicuous",Verb,Core 2000 Step 03 - 185,2282
891,立てる,たてる,"stand (sth) up, set (sth) up, establish",Verb,Core 2000 Step 05 - 058,507
892,役に立つ,やくにたつ,"be useful, be helpful",Verb,Core 2000 Step 08 - 055,2642
893,出席,しゅっせき,"attendance, presence",Verbal Noun,Core 2000 Step 04 - 171,4382
894,ゴム,ゴム,"rubber, elastic",Noun,Core 2000 Step 07 - 082,6578
895,席,せき,"seat, one's place",Noun,Core 2000 Step 05 - 089,734
896,欠席,けっせき,"absence, non-attendance",Verbal Noun,Core 2000 Step 07 - 018,16576
897,次男,じなん,second son,Noun,Core 2000 Step 07 - 099,7913
898,次女,じじょ,second daughter,Noun,Core 2000 Step 07 - 116,19481
899,運ぶ,はこぶ,"carry, transport",Verb,Core 2000 Step 04 - 161,628
900,運転,うんてん,drive,Verbal Noun,Core 2000 Step 05 - 047,2801
901,運転手,うんてんしゅ,driver,Noun,Core 2000 Step 06 - 026,2184
902,転ぶ,ころぶ,"tumble down, fall over",Verb,Core 2000 Step 08 - 155,5733
903,移る,うつる,"move, shift が",Verb,Core 2000 Step 04 - 200,1667
904,移す,うつす,"move (something), shift, transfer",Verb,Core 2000 Step 05 - 072,2081
905,動き,うごき,"movement, motion",Noun,Core 2000 Step 03 - 066,876
906,運動,うんどう,"exercise, movement",Verbal Noun,Core 2000 Step 04 - 008,2340
907,やっぱり,やっぱり,"just as I thought, after all",Adverb,Core 2000 Step 07 - 106,582
908,活動,かつどう,activity,Verbal Noun,Core 2000 Step 04 - 092,2105
909,動物,どうぶつ,animal,Noun,Core 2000 Step 04 - 193,1609
910,動かす,うごかす,"move (something), operate",Verb,Core 2000 Step 05 - 086,866
911,不動産屋,ふどうさんや,"real estate agent, realtor",Noun,Core 2000 Step 10 - 198,15511
912,早く,はやく,"early, soon",Adverb,Core 2000 Step 05 - 045,32424
913,早口,はやくち,fast talking,Noun,Core 2000 Step 08 - 193,5779
914,速さ,はやさ,speed,Noun,Core 2000 Step 07 - 022,117780
915,速達,そくたつ,express mail,Noun,Core 2000 Step 09 - 132,27275
916,遅れる,おくれる,be late,Verb,Core 2000 Step 04 - 197,2114
917,開始,かいし,beginning,Verbal Noun,Core 2000 Step 03 - 113,2235
918,始めに,はじめに,in the beginning,Adverb,Core 2000 Step 10 - 196,
919,現在,げんざい,"the present, present time",Noun,Core 2000 Step 03 - 007,820
920,実現,じつげん,"realization, fulfillment",Verbal Noun,Core 2000 Step 03 - 064,3495
921,実施,じっし,"being in effect, implementation",Verbal Noun,Core 2000 Step 03 - 112,9793
922,事実,じじつ,"fact, truth",Noun,Core 2000 Step 03 - 153,498
923,実行,じっこう,"(putting into) practice, execution",Verbal Noun,Core 2000 Step 04 - 029,2682
924,実験,じっけん,experiment,Verbal Noun,Core 2000 Step 04 - 120,3041
925,通過,つうか,"passing, passage",Verbal Noun,Core 2000 Step 04 - 104,3666
926,過ぎる,すぎる,"pass by, exceed",Verb,Core 2000 Step 05 - 018,583
927,昼過ぎ,ひるすぎ,just past noon,Noun,Core 2000 Step 10 - 142,14591
928,いつか,いつか,"some time, some day",Adverb,Core 2000 Step 07 - 120,1230
929,過去,かこ,the past,Noun,Core 2000 Step 04 - 056,1307
930,開発,かいはつ,development,Verbal Noun,Core 2000 Step 03 - 002,2798
931,発生,はっせい,"occurrence, happening",Verbal Noun,Core 2000 Step 03 - 191,2318
932,発言,はつげん,"statement, remark",Verbal Noun,Core 2000 Step 04 - 086,3129
933,発見,はっけん,"discovery, revelation",Verbal Noun,Core 2000 Step 04 - 112,751
934,出発,しゅっぱつ,"departure, starting",Verbal Noun,Core 2000 Step 05 - 085,1476
935,発車,はっしゃ,"depart, leave (for vehicles)",Verbal Noun,Core 2000 Step 08 - 112,11086
936,発表,はっぴょう,announcement,Verbal Noun,Core 2000 Step 03 - 012,1893
937,きつい,きつい,"tight, difficult",Adjective,Core 2000 Step 07 - 123,2923
938,表現,ひょうげん,"expression (of views, feelings, etc.)",Verbal Noun,Core 2000 Step 03 - 094,1537
939,代表,だいひょう,representative,Verbal Noun,Core 2000 Step 03 - 157,2635
940,表,おもて,"front side, face, outside",Noun,Core 2000 Step 10 - 030,1410
941,表,ひょう,"list, table",Noun,Core 2000 Step 10 - 141,1410
942,さっき,さっき,"some time ago, only a moment ago",Adverb,Core 2000 Step 07 - 133,495
943,手紙,てがみ,letter,Noun,Core 2000 Step 04 - 182,509
944,絵,え,"picture, painting, drawing",Noun,Core 2000 Step 06 - 009,778
945,雑誌,ざっし,"magazine, journal",Noun,Core 2000 Step 05 - 041,1688
946,音,おと,"sound, noise",Noun,Core 2000 Step 04 - 108,186
947,テキスト,テキスト,"textbook, text file",Noun,Core 2000 Step 07 - 135,14868
948,音,おと,sound,Noun,Core 2000 Step 10 - 195,186
949,音楽,おんがく,music,Noun,Core 2000 Step 05 - 010,1568
950,薬,くすり,"drug, remedy, chemical",Noun,Core 2000 Step 06 - 021,1435
951,歌,うた,song,Noun,Core 2000 Step 05 - 080,805
952,ビニール袋,ビニールぶくろ,plastic bag,Noun,Core 2000 Step 07 - 136,12519
953,歌手,かしゅ,singer,Noun,Core 2000 Step 10 - 033,7818
954,欲しがる,ほしがる,want&nbsp;(describing sb else),Verb,Core 2000 Step 09 - 018,
955,計画,けいかく,"plan, project",Verbal Noun,Core 2000 Step 03 - 040,1033
956,映画,えいが,movie,Noun,Core 2000 Step 04 - 155,1190
957,りんご,りんご,apple,Noun,Core 2000 Step 07 - 137,16818
958,面白い,おもしろい,"interesting, amusing",Adjective,Core 2000 Step 06 - 013,893
959,写る,うつる,"<div>to appear in a photo, (picture) to come out well</div>",Verb,Core 2000 Step 07 - 103,6756
960,写す,うつす,"copy, photograph",Verb,Core 2000 Step 08 - 058,7101
961,写真,しゃしん,photograph,Noun,Core 2000 Step 03 - 169,661
962,真っ赤,まっか,deep red,Adjectival Noun,Core 2000 Step 06 - 200,2982
963,真面目,まじめ,"serious, sober, earnest",Adjectival Noun,Core 2000 Step 07 - 066,2957
964,真っ白,まっしろ,pure-white,Adjectival Noun,Core 2000 Step 08 - 003,5829
965,真っ暗,まっくら,pitch-dark,Adjectival Noun,Core 2000 Step 08 - 098,6567
966,真っ黒,まっくろ,"deep-black, jet-black",Adjectival Noun,Core 2000 Step 08 - 150,8388
967,真っ青,まっさお,"deep-blue, pale (skin)",Adjectival Noun,Core 2000 Step 09 - 107,10542
968,色々,いろいろ,various,Adjectival Noun,Core 2000 Step 09 - 023,2864
969,人形,にんぎょう,doll,Noun,Core 2000 Step 06 - 135,1645
970,形,かたち,"shape, form",Noun,Core 2000 Step 10 - 036,519
971,大型,おおがた,"large, large scale",Noun,Core 2000 Step 04 - 143,4392
972,種類,しゅるい,"kind, variety, species",Noun,Core 2000 Step 03 - 179,2226
973,おしゃべり,おしゃべり,"chatter, talkative",Verbal Noun,Core 2000 Step 07 - 151,4842
974,直す,なおす,"repair, cure, alter",Verb,Core 2000 Step 04 - 037,1455
975,真っ直ぐ,まっすぐ,"dead straight, honestly",Adverb,Core 2000 Step 08 - 079,8147
976,直接,ちょくせつ,directly,Adverb,Core 2000 Step 04 - 058,1491
977,角,かど,"corner, edge, angle",Noun,Core 2000 Step 08 - 197,1358
978,きっと,きっと,"surely, certainly",Adverb,Core 2000 Step 07 - 157,450
979,三角,さんかく,triangle,Noun,Core 2000 Step 08 - 199,10769
980,四角,しかく,"square, quadrilateral",Adjectival Noun,Core 2000 Step 09 - 027,12324
981,四角い,しかくい,"square, four-sided",Adjective,Core 2000 Step 09 - 028,6802
982,四つ角,よつかど,"street corner, intersection",Noun,Core 2000 Step 10 - 182,40997
983,曲,きょく,"song, melody, tune",Noun,Core 2000 Step 05 - 199,1557
984,曲げる,まげる,"bend, curve",Verb,Core 2000 Step 07 - 155,4689
985,曲がり角,まがりかど,street corner,Noun,Core 2000 Step 10 - 186,18547
986,同様,どうよう,"similar, same",Adjectival Noun,Core 2000 Step 04 - 081,1311
987,間違い,まちがい,"mistake, error",Noun,Core 2000 Step 07 - 010,1209
988,間違える,まちがえる,"make a mistake (in something), confuse (を)",Verb,Core 2000 Step 07 - 174,4641
989,間違う,まちがう,"be mistaken, be incorrect",Verb,Core 2000 Step 08 - 044,2749
990,似ている,にている,"look like, resemble",Verb,Core 2000 Step 10 - 194,
991,おしゃれ,おしゃれ,"dressing up, trendy",Verbal Noun,Core 2000 Step 07 - 177,14089
992,以上,いじょう,"more than,&nbsp;not less than",Noun,Core 2000 Step 03 - 030,251
993,旅行,りょこう,"travel, trip",Verbal Noun,Core 2000 Step 05 - 009,1589
994,大使館,たいしかん,embassy,Noun,Core 2000 Step 05 - 096,9270
995,旅館,りょかん,Japanese inn,Noun,Core 2000 Step 06 - 153,3321
996,映画館,えいがかん,movie theater,Noun,Core 2000 Step 07 - 012,8950
997,宿題,しゅくだい,homework,Noun,Core 2000 Step 07 - 134,10531
998,泊める,とめる,"lodge, give shelter",Verb,Core 2000 Step 10 - 032,8536
999,遊び,あそび,"play, amusement",Noun,Core 2000 Step 05 - 200,1465
1000,洋服,ようふく,clothes,Noun,Core 2000 Step 07 - 039,5191
1001,教室,きょうしつ,"classroom, class",Noun,Core 2000 Step 05 - 102,1753
1002,図書室,としょしつ,library room,Noun,Core 2000 Step 09 - 001,12187
1003,窓,まど,"window, windowpane",Noun,Core 2000 Step 05 - 030,402
1004,親しい,したしい,"intimate, close",Adjective,Core 2000 Step 06 - 070,1979
1005,親切,しんせつ,"kind, friendly",Adjectival Noun,Core 2000 Step 06 - 186,2274
1006,不親切,ふしんせつ,"unkind, inattentive",Adjectival Noun,Core 2000 Step 09 - 185,36704
1007,家族,かぞく,"family, household",Noun,Core 2000 Step 03 - 120,950
1008,万歳,ばんざい,Banzai! Hurrah! Long live...!,Verbal Noun,Core 2000 Step 09 - 081,15524
1009,二十歳,はたち,20 years old,Noun,Core 2000 Step 09 - 119,7804
1010,姉さん,ねえさん,"older sister, girl, miss",Noun,Core 2000 Step 10 - 119,3156
1011,兄弟,きょうだい,siblings,Noun,Core 2000 Step 05 - 190,1987
1012,若者,わかもの,"young person, youth",Noun,Core 2000 Step 04 - 077,1129
1013,彼ら,かれら,they,Noun,Core 2000 Step 04 - 124,252
1014,おじ,おじ,uncle,Noun,Core 2000 Step 08 - 004,7426
1015,結合,けつごう,"combination, joining",Verbal Noun,Core 2000 Step 04 - 150,10918
1016,結果,けっか,"result, outcome",Noun,Core 2000 Step 03 - 161,676
1017,果物,くだもの,fruit,Noun,Core 2000 Step 07 - 009,6752
1018,課題,かだい,"task, problem",Noun,Core 2000 Step 04 - 079,9029
1019,課,か,"section, division, lesson",Noun,Core 2000 Step 06 - 048,3703
1020,効果,こうか,"effect, result",Noun,Core 2000 Step 04 - 098,2160
1021,自動車,じどうしゃ,automobile,Noun,Core 2000 Step 04 - 075,2290
1022,自然,しぜん,nature,Noun,Core 2000 Step 04 - 151,900
1023,自然,しぜん,"natural, naturally",Adjectival Noun,Core 2000 Step 05 - 028,900
1024,自習,じしゅう,"self-study, self-teaching",Verbal Noun,Core 2000 Step 09 - 114,37115
1025,理由,りゆう,"reason, cause",Noun,Core 2000 Step 03 - 127,449
1026,自由,じゆう,"freedom, free",Adjectival Noun,Core 2000 Step 03 - 150,1106
1027,信じる,しんじる,"believe, trust, have faith in",Verb,Core 2000 Step 05 - 116,382
1028,信号,しんごう,"signal, traffic light",Noun,Core 2000 Step 06 - 008,5322
1029,頼む,たのむ,"ask, request",Verb,Core 2000 Step 05 - 132,622
1030,市民,しみん,"citizens, townsmen",Noun,Core 2000 Step 04 - 025,2941
1031,うるさい,うるさい,"noisy, annoying, pesky",Adjective,Core 2000 Step 08 - 017,2360
1032,住民,じゅうみん,"residents, inhabitants",Noun,Core 2000 Step 04 - 095,4085
1033,主人,しゅじん,"husband,&nbsp;the head of the house",Noun,Core 2000 Step 09 - 096,765
1034,議員,ぎいん,legislator,Noun,Core 2000 Step 04 - 005,6208
1035,会議,かいぎ,"conference, meeting",Verbal Noun,Core 2000 Step 04 - 016,2093
1036,対する,たいする,"in response to, face",Verb,Core 2000 Step 03 - 028,20459
1037,対立,たいりつ,"opposition, antagonism",Verbal Noun,Core 2000 Step 03 - 126,4889
1038,反対,はんたい,"oppose, the opposite",Verbal Noun,Core 2000 Step 04 - 076,1316
1039,答え,こたえ,"answer, solution",Noun,Core 2000 Step 10 - 053,1495
1040,特に,とくに,"specially, particularly",Adverb,Core 2000 Step 04 - 119,1079
1041,特急,とっきゅう,limited express (train),Noun,Core 2000 Step 09 - 013,13359
1042,特別,とくべつ,"special, extraordinary",Adjectival Noun,Core 2000 Step 05 - 101,1369
1043,別々,べつべつ,separately,Adjectival Noun,Core 2000 Step 06 - 196,10218
1044,別れる,わかれる,"separate, part from",Verb,Core 2000 Step 07 - 163,1296
1045,一般,いっぱん,"general, common",Noun,Core 2000 Step 03 - 091,2154
1046,目的,もくてき,"objective, purpose",Noun,Core 2000 Step 03 - 149,912
1047,普通,ふつう,"normal, regular",Adjectival Noun,Core 2000 Step 04 - 177,782
1048,並ぶ,ならぶ,"line up, be parallel",Verb,Core 2000 Step 04 - 156,1110
1049,並べる,ならべる,"line (st) up, display, set up",Verb,Core 2000 Step 05 - 133,2062
1050,平和,へいわ,"peace, harmony",Adjectival Noun,Core 2000 Step 04 - 195,2478
1051,高等学校,こうとうがっこう,senior high school,Noun,Core 2000 Step 08 - 146,17589
1052,病院,びょういん,hospital,Noun,Core 2000 Step 03 - 198,803
1053,入院,にゅういん,be hospitalized,Verbal Noun,Core 2000 Step 05 - 037,3596
1054,大学院,だいがくいん,graduate school,Noun,Core 2000 Step 06 - 122,20286
1055,医者,いしゃ,doctor,Noun,Core 2000 Step 06 - 005,1191
1056,お医者さん,おいしゃさん,doctor,Noun,Core 2000 Step 10 - 188,11768
1057,歯医者,はいしゃ,dentist,Noun,Core 2000 Step 09 - 057,22351
1058,歯,は,"tooth, cog",Noun,Core 2000 Step 09 - 133,1244
1059,歯ブラシ,はぶらし,toothbrush,Noun,Core 2000 Step 09 - 155,27452
1060,科学,かがく,science,Noun,Core 2000 Step 05 - 083,3270
1061,教科書,きょうかしょ,"textbook, schoolbook",Noun,Core 2000 Step 05 - 186,6846
1062,理科,りか,science,Noun,Core 2000 Step 07 - 158,23303
1063,亡くなる,なくなる,"die, pass away",Verb,Core 2000 Step 05 - 097,1903
1064,忙しい,いそがしい,"busy, occupied",Adjective,Core 2000 Step 05 - 170,1833
1065,疲れる,つかれる,"get tired, become fatigued",Verb,Core 2000 Step 06 - 110,1158
1066,禁煙,きんえん,"no smoking, giving up smoking",Verbal Noun,Core 2000 Step 07 - 098,25704
1067,酔っ払い,よっぱらい,drunk person,Noun,Core 2000 Step 09 - 063,18185
1068,酔っ払う,よっぱらう,get drunk,Verb,Core 2000 Step 09 - 109,14272
1069,危ない,あぶない,"dangerous, uncertain",Adjective,Core 2000 Step 07 - 131,3246
1070,危険,きけん,"danger, dangerous",Adjectival Noun,Core 2000 Step 04 - 176,749
1071,存在,そんざい,"existence, being",Verbal Noun,Core 2000 Step 03 - 105,401
1072,注目,ちゅうもく,"attention, notice",Verbal Noun,Core 2000 Step 04 - 055,3870
1073,注文,ちゅうもん,"order, request",Verbal Noun,Core 2000 Step 06 - 053,2436
1074,意味,いみ,"meaning, significance",Noun,Core 2000 Step 03 - 039,270
1075,意見,いけん,opinion,Noun,Core 2000 Step 03 - 181,1128
1076,注意,ちゅうい,"attention, care, watch out",Verbal Noun,Core 2000 Step 04 - 180,1111
1077,用意,ようい,"prepare, ready oneself",Verbal Noun,Core 2000 Step 05 - 022,972
1078,確か,たしか,"for sure, for certain",Adjectival Noun,Core 2000 Step 05 - 192,1044
1079,確認,かくにん,confirmation,Verbal Noun,Core 2000 Step 04 - 100,1067
1080,機能,きのう,"function, feature",Verbal Noun,Core 2000 Step 03 - 022,3024
1081,ジェット機,ジェットき,jet (plane),Noun,Core 2000 Step 07 - 083,24907
1082,機械,きかい,machine,Noun,Core 2000 Step 04 - 054,1876
1083,材料,ざいりょう,"ingredients, material",Noun,Core 2000 Step 04 - 023,3487
1084,具体的,ぐたいてき,"specific, concrete",Adjectival Noun,Core 2000 Step 04 - 038,3130
1085,基づく,もとづく,be based on,Verb,Core 2000 Step 04 - 042,8649
1086,基本,きほん,"basis, foundation",Noun,Core 2000 Step 04 - 110,4597
1087,基準,きじゅん,"standard, criteria",Noun,Core 2000 Step 04 - 138,8750
1088,つまらない,つまらない,"boring, dull",Adjective,Core 2000 Step 08 - 062,2913
1089,備える,そなえる,"prepare for (disaster), equip (st) with",Verb,Core 2000 Step 03 - 114,3331
1090,準備,じゅんび,"prepare for, ready for",Verbal Noun,Core 2000 Step 04 - 185,1409
1091,設計,せっけい,"design, plan",Verbal Noun,Core 2000 Step 03 - 186,5842
1092,施設,しせつ,"facilities, institution",Noun,Core 2000 Step 04 - 061,4241
1093,設ける,もうける,"set up, establish, prepare",Verb,Core 2000 Step 04 - 116,4379
1094,説明,せつめい,"explanation, description",Verbal Noun,Core 2000 Step 04 - 178,512
1095,小説,しょうせつ,"novel, story",Noun,Core 2000 Step 05 - 109,953
1096,公開,こうかい,opening (to the public),Verbal Noun,Core 2000 Step 04 - 035,9352
1097,いとこ,いとこ,cousin,Noun,Core 2000 Step 08 - 064,9586
1098,公園,こうえん,"park, public garden",Noun,Core 2000 Step 05 - 155,2049
1099,動物園,どうぶつえん,zoo,Noun,Core 2000 Step 07 - 129,11561
1100,祭り,まつり,festival,Noun,Core 2000 Step 06 - 167,5023
1101,国際,こくさい,international,Noun,Core 2000 Step 04 - 004,5605
1102,実際,じっさい,"reality, truth, the actual situation",Adverb,Core 2000 Step 04 - 063,785
1103,飛行場,ひこうじょう,"airport, airfield",Noun,Core 2000 Step 07 - 006,8743
1104,航空便,こうくうびん,airmail,Noun,Core 2000 Step 09 - 075,53169
1105,船便,ふなびん,surface mail&nbsp;(ship),Noun,Core 2000 Step 10 - 147,58274
1106,船,ふね,"ship, boat, vessel",Noun,Core 2000 Step 10 - 148,486
1107,空港,くうこう,airport,Noun,Core 2000 Step 05 - 002,3536
1108,港,みなと,"port, harbor",Noun,Core 2000 Step 10 - 164,2381
1109,島,しま,"island, isle",Noun,Core 2000 Step 05 - 029,647
1110,完成,かんせい,"completion, finish",Verbal Noun,Core 2000 Step 03 - 103,2541
1111,平成,へいせい,Heisei era,Noun,Core 2000 Step 10 - 151,5643
1112,成功,せいこう,success,Verbal Noun,Core 2000 Step 04 - 062,1347
1113,原因,げんいん,"cause, origin",Noun,Core 2000 Step 03 - 168,1393
1114,ふすま,ふすま,"sliding door, fusuma",Noun,Core 2000 Step 08 - 078,
1115,資金,しきん,"funds, a fund",Noun,Core 2000 Step 03 - 151,5918
1116,投資,とうし,investment,Verbal Noun,Core 2000 Step 03 - 176,12673
1117,願う,ねがう,"wish, ask a favor, apply for",Verb,Core 2000 Step 04 - 039,1635
1118,正確,せいかく,"accurate, precise",Adjectival Noun,Core 2000 Step 05 - 065,1534
1119,正しい,ただしい,"correct, righteous, lawful",Adjective,Core 2000 Step 05 - 073,1212
1120,正月,しょうがつ,New Year,Noun,Core 2000 Step 06 - 117,3875
1121,正直,しょうじき,"honest, upright",Adjectival Noun,Core 2000 Step 07 - 044,1492
1122,異なる,ことなる,differ,Verb,Core 2000 Step 04 - 145,2699
1123,通常,つうじょう,"common, ordinary",Noun,Core 2000 Step 04 - 080,4544
1124,非常に,ひじょうに,"very, extremely",Adverb,Core 2000 Step 04 - 196,1348
1125,調べる,しらべる,"search (for), examine",Verb,Core 2000 Step 03 - 140,665
1126,強調,きょうちょう,"emphasis, stress",Verbal Noun,Core 2000 Step 03 - 141,5629
1127,季節,きせつ,season,Noun,Core 2000 Step 05 - 144,3101
1128,調査,ちょうさ,"investigation, examination",Verbal Noun,Core 2000 Step 03 - 076,1721
1129,提供,ていきょう,"offer, provide",Verbal Noun,Core 2000 Step 03 - 135,4393
1130,提案,ていあん,"proposition, proposal",Verbal Noun,Core 2000 Step 04 - 048,3098
1131,案内,あんない,"guide, inform",Verbal Noun,Core 2000 Step 06 - 092,1322
1132,示す,しめす,"show, indicate",Verb,Core 2000 Step 03 - 018,660
1133,連れて行く,つれていく,take (a person) along,Verb,Core 2000 Step 10 - 192,
1134,連れて来る,つれてくる,bring (a person),Verb,Core 2000 Step 10 - 193,
1135,続ける,つづける,"continue (sth), keep up を",Verb,Core 2000 Step 03 - 049,381
1136,相手,あいて,"opponent, partner",Noun,Core 2000 Step 03 - 190,212
1137,会談,かいだん,"conference, talk",Verbal Noun,Core 2000 Step 03 - 132,9412
1138,相談,そうだん,"consultation, advice",Verbal Noun,Core 2000 Step 05 - 021,1210
1139,記者,きしゃ,"journalist, reporter",Noun,Core 2000 Step 04 - 006,3073
1140,記録,きろく,"record, documentation",Verbal Noun,Core 2000 Step 04 - 019,1791
1141,録音,ろくおん,audio recording,Verbal Noun,Core 2000 Step 06 - 160,9032
1142,登る,のぼる,"climb, mount, go up",Verb,Core 2000 Step 08 - 002,1526
1143,ひげ,ひげ,"moustache, beard",Noun,Core 2000 Step 08 - 096,
1144,関する,かんする,"concern, relate to",Verb,Core 2000 Step 03 - 055,72261
1145,関連,かんれん,"connection, relation",Verbal Noun,Core 2000 Step 04 - 147,5186
1146,関係,かんけい,"relation, relationship",Verbal Noun,Core 2000 Step 03 - 048,366
1147,状況,じょうきょう,"situation, conditions&nbsp;",Noun,Core 2000 Step 04 - 099,922
1148,ぐっすり,ぐっすり,soundly (asleep),Adverb,Core 2000 Step 08 - 103,8612
1149,状態,じょうたい,"state, appearance (of a thing)",Noun,Core 2000 Step 03 - 056,668
1150,治る,なおる,"get better,&nbsp;be cured",Verb,Core 2000 Step 03 - 021,5043
1151,政治,せいじ,politics,Noun,Core 2000 Step 03 - 111,2044
1152,治す,なおす,"cure, heal",Verb,Core 2000 Step 08 - 181,9611
1153,政府,せいふ,"government, administration",Noun,Core 2000 Step 03 - 011,1855
1154,党,とう,political party,Noun,Core 2000 Step 03 - 077,3997
1155,対策,たいさく,"measure, countermeasure",Noun,Core 2000 Step 03 - 171,6606
1156,政策,せいさく,"policy, political measures",Noun,Core 2000 Step 04 - 011,6699
1157,選ぶ,えらぶ,"choose, elect",Verb,Core 2000 Step 03 - 043,872
1158,選手,せんしゅ,player (in a game); team member,Noun,Core 2000 Step 04 - 107,2949
1159,選挙,せんきょ,election,Verbal Noun,Core 2000 Step 03 - 125,7927
1160,候補,こうほ,"candidate, candidacy",Noun,Core 2000 Step 04 - 106,9479
1161,首相,しゅしょう,prime minister,Noun,Core 2000 Step 03 - 009,4091
1162,首都,しゅと,capital,Noun,Core 2000 Step 05 - 019,5953
1163,改革,かいかく,reform,Verbal Noun,Core 2000 Step 03 - 131,9846
1164,革,かわ,leather,Noun,Core 2000 Step 08 - 102,4874
1165,命令,めいれい,"command, order",Verbal Noun,Core 2000 Step 03 - 164,964
1166,番組,ばんぐみ,"program (TV, radio)",Noun,Core 2000 Step 05 - 075,4771
1167,組み立てる,くみたてる,"put together, assemble, construct",Verb,Core 2000 Step 06 - 192,12874
1168,組織,そしき,"organization, structure, tissue",Verbal Noun,Core 2000 Step 04 - 031,1904
1169,進める,すすめる,"advance, promote, speed (st) up",Verb,Core 2000 Step 03 - 047,1965
1170,進む,すすむ,"advance, move forward",Verb,Core 2000 Step 04 - 014,536
1171,進学,しんがく,entering the next level of school,Verbal Noun,Core 2000 Step 06 - 086,12583
1172,拡大,かくだい,"magnification, enlargement",Verbal Noun,Core 2000 Step 04 - 013,5067
1173,おかず,おかず,side dish,Noun,Core 2000 Step 08 - 114,11459
1174,責任,せきにん,"responsibility, liability",Noun,Core 2000 Step 04 - 129,1494
1175,辞める,やめる,"resign, retire",Verb,Core 2000 Step 06 - 058,3991
1176,辞書,じしょ,dictionary,Noun,Core 2000 Step 08 - 176,10858
1177,通勤,つうきん,commute,Verbal Noun,Core 2000 Step 06 - 056,17206
1178,勤める,つとめる,to work for (~に),Verb,Core 2000 Step 10 - 100,2675
1179,事務所,じむしょ,"office, one's place of business",Noun,Core 2000 Step 04 - 128,1932
1180,事務室,じむしつ,office,Noun,Core 2000 Step 08 - 045,8950
1181,従来,じゅうらい,"former, old",Noun,Core 2000 Step 03 - 144,7092
1182,成績,せいせき,"grade (school), results, record",Noun,Core 2000 Step 05 - 140,4645
1183,集める,あつめる,"collect, gather",Verb,Core 2000 Step 03 - 071,1293
1184,集まる,あつまる,"gather, be collected",Verb,Core 2000 Step 04 - 010,1133
1185,採用,さいよう,employment,Verbal Noun,Core 2000 Step 03 - 192,5167
1186,給料,きゅうりょう,"salary, pay",Noun,Core 2000 Step 05 - 171,5506
1187,卒業,そつぎょう,graduation,Verbal Noun,Core 2000 Step 04 - 199,2882
1188,就職,しゅうしょく,finding employment,Verbal Noun,Core 2000 Step 05 - 052,6877
1189,退院,たいいん,discharge from a hospital,Verbal Noun,Core 2000 Step 06 - 126,7979
1190,契約,けいやく,"contract, agreement",Verbal Noun,Core 2000 Step 04 - 111,3248
1191,交渉,こうしょう,"negotiation, bargaining",Verbal Noun,Core 2000 Step 03 - 160,2740
1192,事件,じけん,"event, incident, case",Noun,Core 2000 Step 03 - 003,303
1193,条件,じょうけん,"condition, terms",Noun,Core 2000 Step 04 - 133,1788
1194,クーラー,クーラー,"air conditioning, cooler",Noun,Core 2000 Step 08 - 127,17870
1195,参加,さんか,"participation, taking part in",Verbal Noun,Core 2000 Step 03 - 106,2275
1196,増加,ぞうか,"increase, gain",Verbal Noun,Core 2000 Step 03 - 130,11377
1197,加える,くわえる,add (one thing to another)<div>(can be the same or a different kind of thing)</div>,Verb,Core 2000 Step 03 - 178,1423
1198,加工,かこう,"processing, manufacturing<div>(turning st into st else)</div>",Verbal Noun,Core 2000 Step 04 - 028,15673
1199,比べる,くらべる,"compare, contrast",Verb,Core 2000 Step 03 - 122,2143
1200,批判,ひはん,"criticism, comment",Verbal Noun,Core 2000 Step 04 - 059,3533
1201,評価,ひょうか,"evaluation, rating",Verbal Noun,Core 2000 Step 03 - 173,3283
1202,対象,たいしょう,"target, subject",Noun,Core 2000 Step 03 - 058,2721
1203,故障,こしょう,"malfunction, fault, breakdown",Verbal Noun,Core 2000 Step 05 - 146,7629
1204,修理,しゅうり,"repair, mending",Verbal Noun,Core 2000 Step 06 - 010,5111
1205,乗り換える,のりかえる,"change, transfer (trainなど)",Verb,Core 2000 Step 08 - 026,14808
1206,乗り換え,のりかえ,"change (trainなど), transfer",Verbal Noun,Core 2000 Step 09 - 039,36414
1207,おじさん,おじさん,uncle,Noun,Core 2000 Step 08 - 142,2206
1208,換える,かえる,"swap, convert",Verb,Core 2000 Step 09 - 169,9334
1209,着替える,きがえる,change clothes,Verb,Core 2000 Step 10 - 044,4393
1210,被る,かぶる,put on (a hat),Verb,Core 2000 Step 10 - 038,5353
1211,破る,やぶる,"tear (st), break (through) （~を）",Verb,Core 2000 Step 06 - 098,1707
1212,破れる,やぶれる,"(st) rips, gets torn",Verb,Core 2000 Step 08 - 056,4548
1213,壊す,こわす,"break, destroy, smash",Verb,Core 2000 Step 06 - 146,4099
1214,壊れる,こわれる,"break, break down, get out of order",Verb,Core 2000 Step 10 - 058,3654
1215,救急車,きゅうきゅうしゃ,ambulance,Noun,Core 2000 Step 07 - 007,6543
1216,助ける,たすける,"help, save",Verb,Core 2000 Step 10 - 088,915
1217,立派,りっぱ,"fine, excellent",Adjectival Noun,Core 2000 Step 06 - 152,1253
1218,警察,けいさつ,police,Noun,Core 2000 Step 04 - 033,587
1219,管理,かんり,"management, administration",Verbal Noun,Core 2000 Step 03 - 129,4124
1220,盗む,ぬすむ,"steal, rob",Verb,Core 2000 Step 06 - 119,1933
1221,殺す,ころす,"kill, smother",Verb,Core 2000 Step 05 - 061,214
1222,逮捕,たいほ,"arrest, capture",Verbal Noun,Core 2000 Step 04 - 146,2288
1223,逃げる,にげる,"escape, run away",Verb,Core 2000 Step 05 - 017,468
1224,戦争,せんそう,"war, battle",Verbal Noun,Core 2000 Step 05 - 026,838
1225,競争,きょうそう,competition,Verbal Noun,Core 2000 Step 03 - 117,7732
1226,混む,こむ,"be crowded, be congested",Verb,Core 2000 Step 07 - 141,8421
1227,大統領,だいとうりょう,president (of a country),Noun,Core 2000 Step 03 - 057,4685
1228,捨てる,すてる,"throw away, abandon",Verb,Core 2000 Step 05 - 071,780
1229,拾う,ひろう,"pick up, find",Verb,Core 2000 Step 06 - 166,1728
1230,池,いけ,pond,Noun,Core 2000 Step 06 - 121,1952
1231,電池,でんち,"electric cell, battery",Noun,Core 2000 Step 07 - 049,19497
1232,深い,ふかい,"deep, profound, intimate",Adjective,Core 2000 Step 04 - 105,374
1233,深さ,ふかさ,"depth, profundity",Noun,Core 2000 Step 09 - 184,
1234,浅い,あさい,"shallow, superficial",Adjective,Core 2000 Step 06 - 143,3238
1235,落とす,おとす,"drop, omit",Verb,Core 2000 Step 05 - 105,927
1236,ごみ,ごみ,"rubbish, trash",Noun,Core 2000 Step 08 - 169,16217
1237,泳ぐ,およぐ,swim,Verb,Core 2000 Step 06 - 112,3165
1238,水泳,すいえい,swimming,Verbal Noun,Core 2000 Step 07 - 140,16480
1239,流れる,ながれる,"flow, drift away",Verb,Core 2000 Step 05 - 015,635
1240,流行る,はやる,"be in fashion, be popular",Verb,Core 2000 Step 10 - 003,11033
1241,洗う,あらう,wash,Verb,Core 2000 Step 06 - 080,1618
1242,洗面所,せんめんじょ,"washroom, bathroom",Noun,Core 2000 Step 09 - 145,10626
1243,油,あぶら,oil,Noun,Core 2000 Step 07 - 040,3114
1244,沈む,しずむ,"sink, set",Verb,Core 2000 Step 06 - 105,1429
1245,久しぶり,ひさしぶり,after a long time,Adjectival Noun,Core 2000 Step 06 - 067,4446
1246,氷,こおり,ice,Noun,Core 2000 Step 06 - 078,2091
1247,冷える,ひえる,"get cold, get chilly",Verb,Core 2000 Step 07 - 193,3895
1248,冷やす,ひやす,"cool (sth), chill (を)",Verb,Core 2000 Step 08 - 065,9406
1249,冷める,さめる,"cool down (from hot to room temp), subside",Verb,Core 2000 Step 08 - 156,7423
1250,凍る,こおる,freeze,Verb,Core 2000 Step 08 - 168,5582
1251,冷蔵庫,れいぞうこ,refrigerator,Noun,Core 2000 Step 07 - 068,4984
1252,涼しい,すずしい,"cool, refreshing",Adjective,Core 2000 Step 07 - 160,6086
1253,ぶらぶら,ぶらぶら,"wander aimlessly, hang about",Adverb,Core 2000 Step 08 - 174,5672
1254,汚す,よごす,"make dirty, soil",Verb,Core 2000 Step 09 - 108,6306
1255,汚れ,よごれ,"dirt, filth",Noun,Core 2000 Step 10 - 011,7665
1256,汚れる,よごれる,"become dirty, become defiled",Verb,Core 2000 Step 10 - 181,2827
1257,景色,けしき,"scene, landscape",Noun,Core 2000 Step 10 - 051,3646
1258,影響,えいきょう,"influence, effect",Verbal Noun,Core 2000 Step 03 - 041,1924
1259,光る,ひかる,"shine, emit light",Verb,Core 2000 Step 06 - 106,1097
1260,太る,ふとる,"grow fat, fatten",Verb,Core 2000 Step 07 - 161,4036
1261,太陽,たいよう,sun,Noun,Core 2000 Step 05 - 135,1400
1262,星,ほし,"star, planet, spot",Noun,Core 2000 Step 10 - 155,983
1263,地球,ちきゅう,the Earth,Noun,Core 2000 Step 04 - 174,1443
1264,野球,やきゅう,baseball,Noun,Core 2000 Step 05 - 175,3118
1265,雲,くも,cloud,Noun,Core 2000 Step 10 - 049,1022
1266,曇り,くもり,"cloudiness, cloudy weather",Noun,Core 2000 Step 09 - 052,20113
1267,地震,じしん,earthquake,Noun,Core 2000 Step 04 - 188,5960
1268,震える,ふるえる,"tremble, quiver, shake",Verb,Core 2000 Step 07 - 109,1232
1269,振る,ふる,"wave, shake, swing",Verb,Core 2000 Step 05 - 104,429
1270,揺れる,ゆれる,"shake, sway, rock",Verb,Core 2000 Step 06 - 034,1653
1271,神社,じんじゃ,Shinto shrine,Noun,Core 2000 Step 07 - 059,1989
1272,秘密,ひみつ,"secret, privacy",Adjectival Noun,Core 2000 Step 05 - 113,1041
1273,厳しい,きびしい,"strict, severe, intense",Adjective,Core 2000 Step 10 - 045,2177
1274,いかが,いかが,"how, what (polite)",Adverb,Core 2000 Step 08 - 188,3176
1275,年寄り,としより,"old person, a senior",Noun,Core 2000 Step 05 - 136,4465
1276,歴史,れきし,history,Noun,Core 2000 Step 04 - 117,1323
1277,世紀,せいき,century,Noun,Core 2000 Step 04 - 026,2218
1278,建設,けんせつ,"construction, establishment",Verbal Noun,Core 2000 Step 03 - 019,3801
1279,建物,たてもの,"building, structure",Noun,Core 2000 Step 04 - 122,1040
1280,建つ,たつ,"be built, be erected",Verb,Core 2000 Step 06 - 061,4363
1281,構成,こうせい,"organization, makeup",Verbal Noun,Core 2000 Step 03 - 128,3967
1282,構造,こうぞう,"structure, the construction",Noun,Core 2000 Step 03 - 187,3441
1283,橋,はし,bridge,Noun,Core 2000 Step 10 - 127,1201
1284,柱,はしら,"pillar, column",Noun,Core 2000 Step 10 - 129,1975
1285,位置,いち,"position, location",Verbal Noun,Core 2000 Step 04 - 101,1166
1286,離婚,りこん,divorce,Verbal Noun,Core 2000 Step 06 - 014,3577
1287,おば,おば,aunt,Noun,Core 2000 Step 08 - 196,8631
1288,停車,ていしゃ,"a stop (train), stopping",Verbal Noun,Core 2000 Step 08 - 069,8452
1289,バス停,ばすてい,bus stop,Noun,Core 2000 Step 09 - 042,15461
1290,周辺,しゅうへん,"surrounding area, outskirts",Noun,Core 2000 Step 04 - 144,2889
1291,隣,となり,"neighboring house, next seat",Noun,Core 2000 Step 05 - 094,1039
1292,きらきら,きらきら,"shining, sparkling",Adverb,Core 2000 Step 08 - 198,6371
1293,黄色,きいろ,yellow,Noun,Core 2000 Step 09 - 130,5118
1294,横,よこ,"side, width across",Noun,Core 2000 Step 05 - 142,462
1295,横書き,よこがき,horizontal writing,Noun,Core 2000 Step 09 - 188,39517
1296,判断,はんだん,"judgment, decision",Verbal Noun,Core 2000 Step 04 - 030,1146
1297,断る,ことわる,"refuse, turn down",Verb,Core 2000 Step 06 - 101,2368
1298,横断歩道,おうだんほどう,crosswalk,Noun,Core 2000 Step 09 - 066,22721
1299,大幅,おおはば,"drastically, substantially",Adverb,Core 2000 Step 04 - 027,12210
1300,訪れる,おとずれる,"visit, go to see",Verb,Core 2000 Step 04 - 121,1461
1301,訪ねる,たずねる,"visit (place or person), drop in",Verb,Core 2000 Step 05 - 124,1401
1302,冷房,れいぼう,air conditioning,Verbal Noun,Core 2000 Step 07 - 162,19741
1303,暖房,だんぼう,heating,Verbal Noun,Core 2000 Step 08 - 008,17381
1304,文房具,ぶんぼうぐ,"stationery, writing materials",Noun,Core 2000 Step 09 - 085,31563
1305,諸国,しょこく,various countries,Noun,Core 2000 Step 04 - 126,6784
1306,緑色,みどりいろ,green,Noun,Core 2000 Step 07 - 153,3928
1307,貿易,ぼうえき,"(foreign) trade, import/export business",Verbal Noun,Core 2000 Step 04 - 148,8624
1308,輸入,ゆにゅう,import,Verbal Noun,Core 2000 Step 03 - 115,8824
1309,輸出,ゆしゅつ,export,Verbal Noun,Core 2000 Step 04 - 032,12681
1310,指輪,ゆびわ,ring,Noun,Core 2000 Step 07 - 170,3928
1311,往復,おうふく,"&nbsp;round trip, going and returning",Noun,Core 2000 Step 06 - 068,5955
1312,復習,ふくしゅう,review,Verbal Noun,Core 2000 Step 10 - 145,30022
1313,すいか,すいか,watermelon,Noun,Core 2000 Step 09 - 009,73328
1314,繰り返す,くりかえす,repeat を,Verb,Core 2000 Step 03 - 172,1535
1315,留学,りゅうがく,studying abroad,Verbal Noun,Core 2000 Step 05 - 120,8365
1316,停留所,ていりゅうじょ,"stop, station",Noun,Core 2000 Step 09 - 055,18743
1317,書留,かきとめ,registered mail,Noun,Core 2000 Step 09 - 170,54727
1318,そちら,そちら,"there, that way (polite)",Noun,Core 2000 Step 09 - 010,2271
1319,守る,まもる,"protect, observe",Verb,Core 2000 Step 04 - 186,726
1320,留守,るす,not at home,Noun,Core 2000 Step 08 - 010,3149
1321,住宅,じゅうたく,"housing, residence",Noun,Core 2000 Step 03 - 156,7859
1322,自宅,じたく,"one's house, one's home",Noun,Core 2000 Step 04 - 114,2420
1323,お宅,おたく,your home (敬語),Noun,Core 2000 Step 09 - 068,16576
1324,早起き,はやおき,early rising,Verbal Noun,Core 2000 Step 09 - 059,15286
1325,昼寝,ひるね,nap,Verbal Noun,Core 2000 Step 08 - 133,10469
1326,静か,しずか,"quiet, tranquil",Adjectival Noun,Core 2000 Step 05 - 062,1048
1327,どっち,どっち,which one (casual),Noun,Core 2000 Step 09 - 014,1968
1328,暇,ひま,"free time, spare time",Noun,Core 2000 Step 09 - 156,1815
1329,趣味,しゅみ,"hobby, interest",Noun,Core 2000 Step 06 - 118,2176
1330,両方,りょうほう,both,Noun,Core 2000 Step 05 - 168,3567
1331,両替,りょうがえ,"exchanging currency, break (a 1万 note)",Verbal Noun,Core 2000 Step 09 - 090,35894
1332,両親,りょうしん,parents,Noun,Core 2000 Step 10 - 184,1604
1333,片道,かたみち,one-way,Noun,Core 2000 Step 08 - 072,29912
1334,内側,うちがわ,"inside, interior",Noun,Core 2000 Step 06 - 113,2407
1335,向こう側,むこうがわ,other side,Noun,Core 2000 Step 08 - 136,5595
1336,外側,そとがわ,"exterior, outside",Noun,Core 2000 Step 09 - 199,5479
1337,左側,ひだりがわ,left side,Noun,Core 2000 Step 10 - 004,5067
1338,右側,みぎがわ,right side,Noun,Core 2000 Step 10 - 008,4819
1339,裏,うら,"rear, reverse (side), inside",Noun,Core 2000 Step 05 - 147,1157
1340,にこにこ,にこにこ,smile,Adverb,Core 2000 Step 09 - 031,5970
1341,裏返す,うらがえす,"turn over, turn inside out",Verb,Core 2000 Step 08 - 195,15664
1342,週刊誌,しゅうかんし,weekly magazine,Noun,Core 2000 Step 07 - 107,5458
1343,朝刊,ちょうかん,morning edition,Noun,Core 2000 Step 07 - 183,12785
1344,夕刊,ゆうかん,evening edition,Noun,Core 2000 Step 07 - 191,9729
1345,詳しい,くわしい,"detailed, complete",Adjective,Core 2000 Step 05 - 064,3290
1346,細かい,こまかい,"minute, elaborate",Adjective,Core 2000 Step 05 - 139,4234
1347,細か,こまか,"minute, elaborate",Adjectival Noun,Core 2000 Step 10 - 189,10146
1348,積もる,つもる,"accumulate (snow, dustなど)",Verb,Core 2000 Step 07 - 199,11312
1349,訳,やく,translation,Noun,Core 2000 Step 08 - 186,1350
1350,訳す,やくす,translate,Verb,Core 2000 Step 09 - 087,9183
1351,検討,けんとう,"consideration, examination",Verbal Noun,Core 2000 Step 03 - 110,5022
1352,塗る,ぬる,"spread on, paint",Verb,Core 2000 Step 06 - 193,2933
1353,付く,つく,"stick to, be attached to, accompany",Verb,Core 2000 Step 06 - 127,1834
1354,付ける,つける,"attach, apply (st to st), add",Verb,Core 2000 Step 06 - 190,2488
1355,受け付ける,うけつける,"accept, receive",Verb,Core 2000 Step 07 - 073,28372
1356,片付ける,かたづける,"put in order, clear (st) away, put (st) back",Verb,Core 2000 Step 08 - 066,6216
1357,どなた,どなた,who (polite),Noun,Core 2000 Step 09 - 038,4953
1358,受付,うけつけ,"receptionist, front desk",Noun,Core 2000 Step 08 - 089,5864
1359,近付く,ちかづく,"approach, get acquainted",Verb,Core 2000 Step 08 - 118,6335
1360,片付く,かたづく,"be in order, be settled",Verb,Core 2000 Step 09 - 093,17312
1361,気を付ける,きをつける,"take care of, pay attention to",Verb,Core 2000 Step 09 - 143,
1362,貼る,はる,"stick, paste",Verb,Core 2000 Step 10 - 131,2781
1363,記念日,きねんび,"memorial day, anniversary",Noun,Core 2000 Step 08 - 165,24988
1364,残念,ざんねん,"regretful, disappointing",Adjectival Noun,Core 2000 Step 10 - 064,1447
1365,例えば,たとえば,for example,Adverb,Core 2000 Step 05 - 012,3444
1366,例文,れいぶん,example sentence,Noun,Core 2000 Step 09 - 046,63509
1367,例,れい,"example, precedent",Noun,Core 2000 Step 09 - 064,599
1368,余る,あまる,"remain over, be too much<div>(remain because of excess)</div>",Verb,Core 2000 Step 07 - 042,7039
1369,除く,のぞく,"exclude, get rid of",Verb,Core 2000 Step 03 - 090,3394
1370,削る,けずる,"grind down, trim, scale back",Verb,Core 2000 Step 07 - 124,5297
1371,遅刻,ちこく,"tardiness, lateness",Verbal Noun,Core 2000 Step 08 - 159,9214
1372,緩い,ゆるい,"slack, loose",Adjective,Core 2000 Step 10 - 178,18468
1373,苦しい,くるしい,"painful, difficult",Adjective,Core 2000 Step 05 - 115,1473
1374,苦い,にがい,"bitter, sour",Adjective,Core 2000 Step 07 - 076,4985
1375,苦手,にがて,"weak point, (sb) hard to deal with",Adjectival Noun,Core 2000 Step 07 - 185,4436
1376,困る,こまる,"be in trouble, have difficulty",Verb,Core 2000 Step 05 - 054,567
1377,貧乏,びんぼう,"poor, poverty",Adjectival Noun,Core 2000 Step 07 - 173,4081
1378,不幸,ふこう,"unhappiness, misfortune, a death",Adjectival Noun,Core 2000 Step 06 - 124,1464
1379,幸せ,しあわせ,"happiness, good fortune",Adjectival Noun,Core 2000 Step 06 - 141,1869
1380,塩,しお,salt,Noun,Core 2000 Step 09 - 054,3972
1381,塩辛い,しおからい,salty,Adjective,Core 2000 Step 09 - 195,42616
1382,砂糖,さとう,sugar,Noun,Core 2000 Step 06 - 158,6254
1383,規模,きぼ,"scale (big, smallなど), scope",Noun,Core 2000 Step 03 - 199,5974
1384,農業,のうぎょう,agriculture,Noun,Core 2000 Step 05 - 001,9770
1385,濃い,こい,"thick, concentrated, dark-colored",Adjective,Core 2000 Step 06 - 145,1884
1386,薄い,うすい,"thin, weak, pale",Adjective,Core 2000 Step 05 - 081,1457
1387,厚い,あつい,"thick, bulky",Adjective,Core 2000 Step 05 - 194,2309
1388,厚さ,あつさ,thickness,Noun,Core 2000 Step 07 - 072,
1389,迫る,せまる,"<!--anki-->approach, draw near,&nbsp;press (sb for st)",Verb,Core 2000 Step 04 - 067,1370
1390,伸びる,のびる,"get longer, grow, stretch",Verb,Core 2000 Step 05 - 059,2017
1391,引っ越す,ひっこす,move (houses),Verb,Core 2000 Step 07 - 101,8111
1392,越える,こえる,"go over, go across, go beyond",Verb,Core 2000 Step 07 - 125,1500
1393,引っ越し,ひっこし,moving (houses),Verbal Noun,Core 2000 Step 07 - 187,12254
1394,追い越す,おいこす,"pass, outdo",Verb,Core 2000 Step 08 - 162,15814
1395,上昇,じょうしょう,"a rise, an increase",Verbal Noun,Core 2000 Step 04 - 053,5649
1396,改札口,かいさつぐち,ticket barrier,Noun,Core 2000 Step 08 - 125,13004
1397,失礼,しつれい,"impoliteness, bad manners, I beg your parden/Goodbye",Verbal Noun,Core 2000 Step 08 - 129,1690
1398,かゆい,かゆい,itchy,Adjective,Core 2000 Step 09 - 071,21544
1399,お礼,おれい,"thanks, reward, return present",Verbal Noun,Core 2000 Step 08 - 138,3127
1400,謝る,あやまる,apologize,Verb,Core 2000 Step 08 - 032,3109
1401,注射,ちゅうしゃ,"shot, injection",Verbal Noun,Core 2000 Step 07 - 060,8100
1402,程度,ていど,"degree, extent",Noun,Core 2000 Step 04 - 082,1091
1403,ぐらぐら,ぐらぐら,wobble,Adverb,Core 2000 Step 09 - 074,16042
1404,誘う,さそう,"invite, ask out",Verb,Core 2000 Step 09 - 131,1608
1405,導入,どうにゅう,"introduction, bringing in",Verbal Noun,Core 2000 Step 03 - 045,12447
1406,努力,どりょく,"<!--anki-->effort,&nbsp;endeavor",Verbal Noun,Core 2000 Step 04 - 183,1551
1407,怒る,おこる,"get angry, scold",Verb,Core 2000 Step 08 - 090,791
1408,独身,どくしん,"single, unmarried",Noun,Core 2000 Step 07 - 075,5347
1409,占める,しめる,"occupy, hold",Verb,Core 2000 Step 04 - 069,3900
1410,処理,しょり,"processing,&nbsp;management<div>(unlike 加工, a new thing is not created)</div>",Verbal Noun,Core 2000 Step 03 - 059,3252
1411,紹介,しょうかい,"introduction, presentation",Verbal Noun,Core 2000 Step 05 - 087,1488
1412,招く,まねく,"invite, beckon",Verb,Core 2000 Step 04 - 050,2462
1413,招待,しょうたい,invitation,Verbal Noun,Core 2000 Step 06 - 043,4981
1414,夫婦,ふうふ,"husband and wife, married couple",Noun,Core 2000 Step 05 - 057,1140
1415,奥,おく,"inner part, the back, inner chamber",Noun,Core 2000 Step 06 - 001,515
1416,奥さん,おくさん,"(sb's) wife,&nbsp;married lady",Noun,Core 2000 Step 06 - 041,994
1417,皆さん,みなさん,everybody (丁寧語),Noun,Core 2000 Step 07 - 115,3415
1418,皆様,みなさま,everyone (敬語),Noun,Core 2000 Step 08 - 151,9950
1419,誰か,だれか,someone,Noun,Core 2000 Step 10 - 090,1419
1420,よろしい,よろしい,all right (いいの改まった言い方),Adjective,Core 2000 Step 09 - 088,1141
1421,国籍,こくせき,"citizenship, nationality",Noun,Core 2000 Step 07 - 035,16638
1422,愛,あい,love,Verbal Noun,Core 2000 Step 06 - 099,985
1423,可愛い,かわいい,"cute, charming, sweet",Adjective,Core 2000 Step 07 - 132,1824
1424,恋人,こいびと,"boyfriend/girlfriend, lover",Noun,Core 2000 Step 07 - 062,1521
1425,誕生日,たんじょうび,birthday,Noun,Core 2000 Step 07 - 074,5554
1426,祝日,しゅくじつ,"holiday, festival day",Noun,Core 2000 Step 09 - 177,32157
1427,お祝い,おいわい,celebrate,Verbal Noun,Core 2000 Step 10 - 023,9961
1428,夢,ゆめ,dream,Noun,Core 2000 Step 05 - 016,440
1429,泣く,なく,"cry, weep",Verb,Core 2000 Step 06 - 090,544
1430,涙,なみだ,tear,Noun,Core 2000 Step 05 - 141,641
1431,喜ぶ,よろこぶ,"be happy, be delighted",Verb,Core 2000 Step 05 - 036,1275
1432,恥ずかしい,はずかしい,"embarrassed, ashamed, embarrassing",Adjective,Core 2000 Step 07 - 037,1715
1433,弁当,べんとう,"box lunch, picnic lunch",Noun,Core 2000 Step 07 - 025,4787
1434,看護師,かんごし,nurse,Noun,Core 2000 Step 05 - 181,22256
1435,患者,かんじゃ,patient,Noun,Core 2000 Step 04 - 153,1854
1436,述べる,のべる,"express (opinion), state, mention",Verb,Core 2000 Step 04 - 091,1329
1437,たくさん,たくさん,"in large quantity, plenty",Adverb,Core 2000 Step 09 - 098,896
1438,訴える,うったえる,sue,Verb,Core 2000 Step 04 - 084,2045
1439,迷う,まよう,"hesitate, get lost, be unable to decide",Verb,Core 2000 Step 07 - 055,1660
1440,迷惑,めいわく,"trouble, annoyance",Verbal Noun,Core 2000 Step 06 - 095,2260
1441,地域,ちいき,"region, area",Noun,Core 2000 Step 03 - 081,3623
1442,政権,せいけん,"political power, government, administration",Noun,Core 2000 Step 03 - 100,7715
1443,贈る,おくる,"offer, give (presentとか)",Verb,Core 2000 Step 05 - 152,4288
1444,贈り物,おくりもの,"present, gift (和語)",Noun,Core 2000 Step 08 - 060,8249
1445,与える,あたえる,"&nbsp;present (st), give (damage/shock), give (to lower status) (かたい)",Verb,Core 2000 Step 03 - 124,524
1446,あちら,あちら,way over there,Noun,Core 2000 Step 09 - 111,3248
1447,貯金,ちょきん,"savings, deposit",Verbal Noun,Core 2000 Step 07 - 117,12026
1448,預ける,あずける,"deposit, entrust",Verb,Core 2000 Step 06 - 189,3462
1449,預かる,あずかる,keep (st) for (sb); take care of (st),Verb,Core 2000 Step 07 - 119,6323
1450,得意,とくい,"one's forte, pride, frequent customer",Adjectival Noun,Core 2000 Step 06 - 002,2554
1451,どきどき,どきどき,"feel excited, feel nervous",Adverb,Core 2000 Step 09 - 116,12681
1452,燃える,もえる,burn が,Verb,Core 2000 Step 06 - 045,1359
1453,焼ける,やける,"burn, be grilled, be baked が",Verb,Core 2000 Step 07 - 088,2861
1454,焼く,やく,"burn (st), grill, bake を",Verb,Core 2000 Step 10 - 170,1518
1455,まあまあ,まあまあ,"OK, not bad, average",Adjective,Core 2000 Step 09 - 121,7410
1456,乾く,かわく,"(st) drys, gets dry (が)",Verb,Core 2000 Step 08 - 042,2562
1457,乾杯,かんぱい,a toast,Verbal Noun,Core 2000 Step 08 - 067,8361
1458,乾かす,かわかす,dry (st) を,Verb,Core 2000 Step 09 - 072,17126
1459,新幹線,しんかんせん,"Shinkansen, Bullet Train",Noun,Core 2000 Step 06 - 039,8042
1460,素晴らしい,すばらしい,"splendid, excellent",Adjective,Core 2000 Step 07 - 181,3879
1461,海岸,かいがん,"coast, seashore",Noun,Core 2000 Step 05 - 163,3056
1462,家庭,かてい,"home, family",Noun,Core 2000 Step 04 - 134,2040
1463,庭,にわ,"garden, court",Noun,Core 2000 Step 10 - 002,833
1464,桜,さくら,"cherry tree, cherry blossom",Noun,Core 2000 Step 06 - 176,968
1465,咲く,さく,"bloom, blossom",Verb,Core 2000 Step 06 - 088,3119
1466,吹く,ふく,"blow, play on a wind instrument",Verb,Core 2000 Step 06 - 007,899
1467,散歩,さんぽ,"walk, stroll",Verbal Noun,Core 2000 Step 06 - 055,2670
1468,あくび,あくび,yawn,Verbal Noun,Core 2000 Step 09 - 125,9843
1469,植える,うえる,"plant (a plant), embed",Verb,Core 2000 Step 07 - 033,5166
1470,屋根,やね,roof,Noun,Core 2000 Step 06 - 091,1709
1471,黒板,こくばん,blackboard,Noun,Core 2000 Step 07 - 197,12513
1472,掲示板,けいじばん,"notice board, bulletin board",Noun,Core 2000 Step 08 - 167,16599
1473,からから,からから,"thirsty, dry",Adjective,Core 2000 Step 09 - 129,14439
1474,草,くさ,"grass, weed",Noun,Core 2000 Step 07 - 016,1376
1475,葉,は,leaf,Noun,Core 2000 Step 06 - 149,1248
1476,絵葉書,えはがき,picture postcard,Noun,Core 2000 Step 09 - 166,25594
1477,はがき,はがき,postcard,Noun,Core 2000 Step 09 - 180,32555
1478,ふらふら,ふらふら,"dizzy, weak",Adverb,Core 2000 Step 09 - 136,5805
1479,吸う,すう,"inhale, suck",Verb,Core 2000 Step 06 - 142,1408
1480,普及,ふきゅう,"spreading, becoming popular",Verbal Noun,Core 2000 Step 03 - 093,11966
1481,胃,い,stomach,Noun,Core 2000 Step 07 - 094,4557
1482,皿,さら,"plate, counter for plates or servings",Noun,Core 2000 Step 08 - 043,2200
1483,こぼす,こぼす,spill (st),Verb,Core 2000 Step 09 - 139,4035
1484,血,ち,blood,Noun,Core 2000 Step 10 - 091,414
1485,内容,ないよう,contents,Noun,Core 2000 Step 03 - 121,1288
1486,背景,はいけい,"background, scenery, setting",Noun,Core 2000 Step 04 - 022,3784
1487,骨,ほね,"bone, frame",Noun,Core 2000 Step 10 - 007,1346
1488,滑る,すべる,"slide, slip, flunk an examination",Verb,Core 2000 Step 08 - 192,3524
1489,折れる,おれる,"snap/break, be folded, give in (to)",Verb,Core 2000 Step 07 - 189,2194
1490,折る,おる,"break off, fold, bend",Verb,Core 2000 Step 08 - 013,2596
1491,健康,けんこう,healthy,Adjectival Noun,Core 2000 Step 05 - 034,2798
1492,珍しい,めずらしい,"unusual, rare, strange",Adjective,Core 2000 Step 05 - 003,1309
1493,撮る,とる,"take (a picture), film (a video)",Verb,Core 2000 Step 05 - 159,2607
1494,再び,ふたたび,"again, a second time (somewhat formal)",Adverb,Core 2000 Step 04 - 052,742
1495,再来年,さらいねん,the year after next,Noun,Core 2000 Step 08 - 116,60517
1496,再来月,さらいげつ,the month after next,Noun,Core 2000 Step 10 - 061,98300
1497,再来週,さらいしゅう,the week after next,Noun,Core 2000 Step 10 - 062,74946
1498,放送,ほうそう,broadcasting,Verbal Noun,Core 2000 Step 05 - 051,3870
1499,装置,そうち,"equipment, device",Noun,Core 2000 Step 04 - 017,2550
1500,仮名,かな,"kana, Japanese syllabary",Noun,Core 2000 Step 08 - 163,13946
1501,送り仮名,おくりがな,kana suffix,Noun,Core 2000 Step 09 - 092,117780
1502,鏡,かがみ,mirror,Noun,Core 2000 Step 07 - 015,1297
1503,悲しむ,かなしむ,"feel sad, lament",Verb,Core 2000 Step 08 - 126,4819
1504,固い,かたい,"firm, unchanging, unbreakable",Adjective,Core 2000 Step 07 - 052,1735
1505,美術館,びじゅつかん,art museum,Noun,Core 2000 Step 06 - 097,11305
1506,美人,びじん,beautiful woman,Noun,Core 2000 Step 08 - 029,2011
1507,美容院,びよういん,hair salon,Noun,Core 2000 Step 09 - 084,17641
1508,よろしく,よろしく,"properly, one's regards",Adverb,Core 2000 Step 09 - 162,2414
1509,博物館,はくぶつかん,museum,Noun,Core 2000 Step 06 - 168,8524
1510,開催,かいさい,"holding (of an event), opening",Verbal Noun,Core 2000 Step 04 - 088,11636
1511,特徴,とくちょう,distinguishing characteristic,Noun,Core 2000 Step 03 - 139,2991
1512,許す,ゆるす,"forgive, permit",Verb,Core 2000 Step 04 - 191,745
1513,がらがら,がらがら,empty,Adjective,Core 2000 Step 09 - 171,20976
1514,免許証,めんきょしょう,license,Noun,Core 2000 Step 09 - 086,24294
1515,教師,きょうし,"teacher, instructor",Noun,Core 2000 Step 05 - 020,2026
1516,教授,きょうじゅ,professor,Noun,Core 2000 Step 04 - 135,1585
1517,伝える,つたえる,"convey, tell (sb) that, let (sb) know",Verb,Core 2000 Step 04 - 034,873
1518,ぎらぎら,ぎらぎら,"dazzling, glaring, blinding",Adverb,Core 2000 Step 09 - 173,12897
1519,鳥,とり,"bird, poultry",Noun,Core 2000 Step 10 - 105,1292
1520,鳴る,なる,"sound, ring, thunder",Verb,Core 2000 Step 07 - 065,971
1521,鳴く,なく,"make sound (animal); chirp, meow, etc.",Verb,Core 2000 Step 08 - 070,3841
1522,声,こえ,"voice, sound",Noun,Core 2000 Step 03 - 072,86
1523,そっち,そっち,"there, that way (causal)",Noun,Core 2000 Step 09 - 179,2240
1524,卵,たまご,egg,Noun,Core 2000 Step 06 - 109,2940
1525,犬,いぬ,dog,Noun,Core 2000 Step 05 - 099,672
1526,馬,うま,horse,Noun,Core 2000 Step 05 - 126,387
1527,駐車場,ちゅうしゃじょう,parking area,Noun,Core 2000 Step 06 - 089,4351
1528,騒ぐ,さわぐ,"make a racket, mess around, make a fuss",Verb,Core 2000 Step 10 - 063,2738
1529,刺す,さす,"stab, prick, sting",Verb,Core 2000 Step 06 - 177,1981
1530,刺身,さしみ,"sashimi, sliced raw meat",Noun,Core 2000 Step 09 - 144,13010
1531,激しい,はげしい,"violent, intense",Adjective,Core 2000 Step 03 - 158,855
1532,ぺこぺこ,ぺこぺこ,"very hungry, starving",Adjective,Core 2000 Step 09 - 186,25484
1533,驚く,おどろく,"be surprised, be startled",Verb,Core 2000 Step 04 - 187,454
1534,倒れる,たおれる,"fall down, succumb (to)",Verb,Core 2000 Step 05 - 088,786
1535,倒す,たおす,"knock down, overthrow, defeat",Verb,Core 2000 Step 10 - 087,2071
1536,傾向,けいこう,"tendency, inclination",Noun,Core 2000 Step 04 - 087,4110
1537,ぺらぺら,ぺらぺら,fluently,Adjectival Noun,Core 2000 Step 09 - 187,26860
1538,柔道,じゅうどう,judo,Noun,Core 2000 Step 07 - 142,11464
1539,柔らかい,やわらかい,soft,Adjective,Core 2000 Step 07 - 147,3790
1540,柔らか,やわらか,"soft, tender, gentle",Adjectival Noun,Core 2000 Step 09 - 007,7625
1541,主張,しゅちょう,"argument, case, one's point",Verbal Noun,Core 2000 Step 04 - 018,1887
1542,引っ張る,ひっぱる,"pull, drag",Verb,Core 2000 Step 07 - 086,3023
1543,突き当たる,つきあたる,"come to the end of (street), run into (st)",Verb,Core 2000 Step 09 - 029,27996
1544,突き当たり,つきあたり,end of a street,Noun,Core 2000 Step 09 - 115,15681
1545,壁,かべ,"wall, partition",Noun,Core 2000 Step 05 - 014,467
1546,弾く,ひく,play (a stringed instrument),Verb,Core 2000 Step 10 - 136,2702
1547,丸い,まるい,round,Adjective,Core 2000 Step 07 - 102,1958
1548,丸,まる,"circle, wholeness",Noun,Core 2000 Step 10 - 163,1426
1549,攻撃,こうげき,"attack, criticism",Verbal Noun,Core 2000 Step 04 - 139,1018
1550,いつごろ,いつごろ,"about when, about what time",Noun,Core 2000 Step 09 - 191,
1551,絶対に,ぜったいに,"absolutely, unconditionally",Adverb,Core 2000 Step 10 - 190,10851
1552,消防車,しょうぼうしゃ,fire truck,Noun,Core 2000 Step 08 - 046,26827
1553,嫌,いや,"dislike, have a dislike for",Adjectival Noun,Core 2000 Step 09 - 021,1215
1554,大嫌い,だいきらい,hate,Adjectival Noun,Core 2000 Step 09 - 078,10474
1555,大抵,たいてい,"generally, mostly",Adverb,Core 2000 Step 09 - 012,6667
1556,大勢,おおぜい,"many (people), a crowd",Noun,Core 2000 Step 06 - 069,2109
1557,姿,すがた,"figure, appearance",Noun,Core 2000 Step 03 - 083,170
1558,姿勢,しせい,"posture, attitude",Noun,Core 2000 Step 04 - 045,1754
1559,恐ろしい,おそろしい,"terrible, frightening",Adjective,Core 2000 Step 06 - 125,845
1560,怖い,こわい,scary,Adjective,Core 2000 Step 07 - 014,995
1561,糸,いと,"thread, yarn",Noun,Core 2000 Step 06 - 133,1867
1562,孫,まご,grandchild,Noun,Core 2000 Step 10 - 160,1741
1563,木綿,もめん,cotton,Noun,Core 2000 Step 10 - 168,11397
1564,偉い,えらい,"great, famous, eminent",Adjective,Core 2000 Step 08 - 082,3907
1565,爪,つめ,"nail, claw",Noun,Core 2000 Step 10 - 101,2623
1566,机,つくえ,desk,Noun,Core 2000 Step 10 - 099,1107
1567,セロテープ,セロテープ,Scotch tape,Noun,Core 2000 Step 09 - 198,56799
1568,棚,たな,"shelf, rack",Noun,Core 2000 Step 07 - 108,2825
1569,本棚,ほんだな,bookshelf,Noun,Core 2000 Step 08 - 097,8683
1570,方針,ほうしん,"course, policy",Noun,Core 2000 Step 03 - 143,4255
1571,釣る,つる,"to fish, to catch (a fish)",Verb,Core 2000 Step 08 - 160,8289
1572,やけど,やけど,burn,Verbal Noun,Core 2000 Step 10 - 010,23826
1573,お釣り,おつり,change,Noun,Core 2000 Step 10 - 025,35598
1574,鍵,かぎ,"key, lock",Noun,Core 2000 Step 07 - 165,1047
1575,鍋,なべ,"pan, pot",Noun,Core 2000 Step 09 - 100,3443
1576,寿司,すし,sushi,Noun,Core 2000 Step 08 - 092,14073
1577,泥棒,どろぼう,"thief, crook",Verbal Noun,Core 2000 Step 08 - 050,3315
1578,湯,ゆ,"hot water, hot bath, bathhouse",Noun,Core 2000 Step 10 - 173,2343
1579,沸く,わく,"boil, be excited",Verb,Core 2000 Step 08 - 099,12094
1580,沸かす,わかす,"boil, excite",Verb,Core 2000 Step 09 - 163,16883
1581,あっち,あっち,"other side, over there (informal)",Noun,Core 2000 Step 10 - 018,2937
1582,洗濯機,せんたくき,washing machine,Noun,Core 2000 Step 08 - 131,20445
1583,洗濯,せんたく,"laundering, washing",Verbal Noun,Core 2000 Step 10 - 075,6333
1584,濡れる,ぬれる,get wet,Verb,Core 2000 Step 10 - 118,2015
1585,喫茶店,きっさてん,"coffee shop, tea house, café",Noun,Core 2000 Step 07 - 104,3169
1586,あんなに,あんなに,like that,Adverb,Core 2000 Step 10 - 019,2252
1587,怠ける,なまける,"be lazy (が), neglect (st) (を)",Verb,Core 2000 Step 09 - 101,20056
1588,一生懸命,いっしょうけんめい,"as hard as one can, with all one's might",Adverb,Core 2000 Step 08 - 041,4296
1589,休憩,きゅうけい,"<div>break (from work, study, etc.)</div>",Verbal Noun,Core 2000 Step 07 - 178,8667
1590,天井,てんじょう,ceiling,Noun,Core 2000 Step 06 - 047,1367
1591,いたずら,いたずら,"mischief, prank",Verbal Noun,Core 2000 Step 10 - 021,4483
1592,納豆,なっとう,natto (fermented soybeans),Noun,Core 2000 Step 09 - 118,19439
1593,化粧,けしょう,"makeup, put on makeup",Verbal Noun,Core 2000 Step 08 - 091,3546
1594,畑,はたけ,"field, farm, garden",Noun,Core 2000 Step 09 - 105,2427
1595,炊く,たく,cook (by boiling),Verb,Core 2000 Step 08 - 084,14367
1596,自炊,じすい,cooking for oneself,Verbal Noun,Core 2000 Step 08 - 177,35407
1597,灰皿,はいざら,ashtray,Noun,Core 2000 Step 09 - 041,7006
1598,灰,はい,ashes,Noun,Core 2000 Step 10 - 124,3775
1599,灰色,はいいろ,"ash color, gray",Noun,Core 2000 Step 10 - 125,2116
1600,おばさん,おばさん,aunt,Noun,Core 2000 Step 10 - 028,2258
1601,西暦,せいれき,"CE, AD (year)",Noun,Core 2000 Step 08 - 130,20916
1602,毛,け,"hair, wool",Noun,Core 2000 Step 07 - 196,2197
1603,髪,かみ,"hair, hairstyle",Noun,Core 2000 Step 06 - 035,560
1604,舌,した,tongue,Noun,Core 2000 Step 07 - 179,1412
1605,くし,くし,comb,Noun,Core 2000 Step 10 - 048,9755
1606,臭い,くさい,"ill-smelling, stinking",Adjective,Core 2000 Step 09 - 113,2095
1607,匂い,におい,"smell, odor",Noun,Core 2000 Step 06 - 138,1101
1608,履く,はく,"put on (footwear, lower body clothing)",Verb,Core 2000 Step 08 - 110,5687
1609,戸,と,"door (esp. Japanese style), shutter",Noun,Core 2000 Step 05 - 156,1452
1610,扇風機,せんぷうき,electric fan,Noun,Core 2000 Step 08 - 158,26163
1611,豚,ぶた,"pig, pork",Noun,Core 2000 Step 09 - 157,4629
1612,豚肉,ぶたにく,"pork, hog meat",Noun,Core 2000 Step 10 - 146,22292
1613,ごちそう,ごちそう,"feast, treat",Noun,Core 2000 Step 10 - 054,10179
1614,鶏,にわとり,"chicken, hen",Noun,Core 2000 Step 10 - 113,5293
1615,腕時計,うでどけい,wrist watch,Noun,Core 2000 Step 08 - 059,4434
1616,お菓子,おかし,"sweets, snacks",Noun,Core 2000 Step 10 - 024,8055
1617,お辞儀,おじぎ,"bow, bowing",Verbal Noun,Core 2000 Step 09 - 067,6324
1618,ごちそうする,ごちそうする,treat,Verb,Core 2000 Step 10 - 055,
1619,寝坊,ねぼう,"oversleeping,&nbsp;late riser",Verbal Noun,Core 2000 Step 09 - 103,24565
1620,旗,はた,"flag, banner",Noun,Core 2000 Step 10 - 130,2915
1621,鉛筆,えんぴつ,pencil,Noun,Core 2000 Step 07 - 089,6948
1622,万年筆,まんねんひつ,fountain pen,Noun,Core 2000 Step 09 - 006,14100
1623,こぼれる,こぼれる,"(st) spills, overflows",Verb,Core 2000 Step 10 - 057,4279
1624,箱,はこ,"box, case",Noun,Core 2000 Step 06 - 036,1162
1625,本箱,ほんばこ,bookcase,Noun,Core 2000 Step 09 - 160,31509
1626,手袋,てぶくろ,gloves,Noun,Core 2000 Step 08 - 009,4866
1627,袋,ふくろ,"bag, sack",Noun,Core 2000 Step 10 - 005,1832
1628,こんなに,こんなに,"as this, so, such",Adverb,Core 2000 Step 10 - 059,1240
1629,財布,さいふ,"purse, wallet",Noun,Core 2000 Step 07 - 063,3757
1630,毛布,もうふ,blanket,Noun,Core 2000 Step 08 - 021,3860
1631,布団,ふとん,"futon, bedquilt",Noun,Core 2000 Step 08 - 054,2884
1632,小包,こづつみ,"parcel, package",Noun,Core 2000 Step 07 - 126,24241
1633,ざあざあ,ざあざあ,"(sound of pouring rain) heavily, pouring",Adverb,Core 2000 Step 10 - 060,57176
1634,包む,つつむ,"wrap, pack",Verb,Core 2000 Step 09 - 149,1096
1635,飾る,かざる,"decorate, exhibit",Verb,Core 2000 Step 05 - 122,2726
1636,手帳,てちょう,"pocketbook, memo",Noun,Core 2000 Step 08 - 025,4921
1637,電話帳,でんわちょう,telephone book,Noun,Core 2000 Step 08 - 119,19163
1638,ジャガイモ,ジャガイモ,potato,Noun,Core 2000 Step 10 - 068,20397
1639,牛乳,ぎゅうにゅう,milk,Noun,Core 2000 Step 07 - 003,7433
1640,玄関,げんかん,"entrance, doorway",Noun,Core 2000 Step 05 - 158,977
1641,眼鏡,めがね,"glasses, judgment",Noun,Core 2000 Step 10 - 009,2458
1642,眠い,ねむい,sleepy,Adjective,Core 2000 Step 10 - 120,4792
1643,ソファ,ソファ,"sofa, sofa bed",Noun,Core 2000 Step 10 - 080,2351
1644,眠る,ねむる,sleep,Verb,Core 2000 Step 10 - 121,758
1645,封筒,ふうとう,envelope,Noun,Core 2000 Step 07 - 130,3619
1646,出かける,でかける,"go out, be about to go out",Verb,Core 2000 Step 07 - 167,807
1647,かかる,かかる,"hang, splash, take (timeなど) が",Verb,Core 2000 Step 09 - 025,222
1648,煙草,たばこ,"tobacco, cigarette",Noun,Core 2000 Step 10 - 089,1317
1649,掛け算,かけざん,multiplication,Verbal Noun,Core 2000 Step 09 - 112,68263
1650,拍手,はくしゅ,"applause, clapping",Verbal Noun,Core 2000 Step 10 - 126,4477
1651,掃除,そうじ,cleaning,Verbal Noun,Core 2000 Step 07 - 020,2926
1652,掃く,はく,"sweep, brush",Verb,Core 2000 Step 09 - 181,11833
1653,ちょうど,ちょうど,"exactly, as if",Adverb,Core 2000 Step 10 - 096,688
1654,掃除機,そうじき,vacuum cleaner,Noun,Core 2000 Step 10 - 076,29809
1655,握る,にぎる,"grasp, to press into shape (onigiri, sushi)",Verb,Core 2000 Step 06 - 064,868
1656,握手,あくしゅ,"handshake, handshaking",Verbal Noun,Core 2000 Step 07 - 051,5336
1657,迎える,むかえる,"welcome, go to meet",Verb,Core 2000 Step 05 - 149,920
1658,ちょっと,ちょっと,"just a moment, just a little, easily",Adverb,Core 2000 Step 10 - 097,196
1659,お巡りさん,おまわりさん,policeman,Noun,Core 2000 Step 09 - 128,24009
1660,いくつ,いくつ,"how many, how old",Noun,Core 2000 Step 07 - 171,965
1661,幾ら,いくら,how much,Noun,Core 2000 Step 09 - 165,16541
1662,冗談,じょうだん,joke,Noun,Core 2000 Step 08 - 117,1217
1663,つく,つく,"be on, switched on",Verb,Core 2000 Step 10 - 098,124
1664,穴,あな,"hole, cavity",Noun,Core 2000 Step 05 - 143,906
1665,寂しい,さびしい,"lonely, desolate, sad",Adjective,Core 2000 Step 07 - 027,2953
1666,丁寧,ていねい,"polite, courteous, careful",Adjectival Noun,Core 2000 Step 07 - 184,3276
1667,かわいそう,かわいそう,"poor, pitiable",Adjectival Noun,Core 2000 Step 08 - 018,3142
1668,怪我,けが,injury,Verbal Noun,Core 2000 Step 09 - 175,2883
1669,我慢,がまん,"patience, self-restraint",Verbal Noun,Core 2000 Step 07 - 034,1902
1670,幼稚園,ようちえん,kindergarten,Noun,Core 2000 Step 07 - 156,9630
1671,隠れる,かくれる,"hide, disappear",Verb,Core 2000 Step 06 - 185,1739
1672,とんとん,とんとん,tapping,Adverb,Core 2000 Step 10 - 106,21871
1673,日陰,ひかげ,the shade,Noun,Core 2000 Step 09 - 083,21596
1674,随分,ずいぶん,"extremely, considerably",Adverb,Core 2000 Step 07 - 085,1062
1675,頑張る,がんばる,"persist, be tenacious",Verb,Core 2000 Step 06 - 173,2969
1676,頃,ころ,"when~, about~, time",Noun,Core 2000 Step 03 - 027,466
1677,人参,にんじん,carrot,Noun,Core 2000 Step 10 - 116,20113
1678,この頃,このごろ,"these days, recently",Noun,Core 2000 Step 10 - 056,3602
1679,消防署,しょうぼうしょ,fire station,Noun,Core 2000 Step 08 - 170,34937
1680,尋ねる,たずねる,"inquire, search for",Verb,Core 2000 Step 06 - 081,863
1681,缶詰,かんづめ,canned goods,Noun,Core 2000 Step 09 - 172,15043
1682,ぬるい,ぬるい,lukewarm,Adjective,Core 2000 Step 10 - 117,18693
1683,缶,かん,"can, tin",Noun,Core 2000 Step 10 - 042,6560
1684,腐る,くさる,"rot, corrode",Verb,Core 2000 Step 07 - 172,4116
1685,豆腐,とうふ,tofu,Noun,Core 2000 Step 08 - 132,9391
1686,床,ゆか,floor,Noun,Core 2000 Step 09 - 045,572
1687,床屋,とこや,"barber, barbershop",Noun,Core 2000 Step 09 - 056,11517
1688,畳,たたみ,"tatami, mat",Noun,Core 2000 Step 07 - 021,1637
1689,畳む,たたむ,"fold up, shut (umbrella)",Verb,Core 2000 Step 09 - 079,10794
1690,干す,ほす,"dry (by airing out), air out",Verb,Core 2000 Step 08 - 122,8285
1691,ひざ,ひざ,knee,Noun,Core 2000 Step 10 - 137,5371
1692,帽子,ぼうし,hat,Noun,Core 2000 Step 07 - 087,1773
1693,ぜひ,ぜひ,"by all means, at any cost",Adverb,Core 2000 Step 06 - 187,6233
1694,敬語,けいご,"honorific language, polite speech",Noun,Core 2000 Step 07 - 017,16982
1695,尊敬,そんけい,"respect, honor",Verbal Noun,Core 2000 Step 07 - 029,2972
1696,ひじ,ひじ,elbow,Noun,Core 2000 Step 10 - 138,14514
1697,敷く,しく,"lay out, spread",Verb,Core 2000 Step 06 - 131,3199
1698,雷,かみなり,"thunder, lightning",Noun,Core 2000 Step 10 - 039,1956
1699,零,れい,"zero, naught",Noun,Core 2000 Step 10 - 185,5460
1700,仕舞う,しまう,put away,Verb,Core 2000 Step 10 - 066,14119
1701,ひも,ひも,"laces, string, rope",Noun,Core 2000 Step 10 - 140,9153
1702,踊る,おどる,dance,Verb,Core 2000 Step 07 - 013,2233
1703,踊り,おどり,"dance, dancing",Noun,Core 2000 Step 07 - 097,4535
1704,踏む,ふむ,"step on, tread on",Verb,Core 2000 Step 06 - 062,1484
1705,踏切,ふみきり,railroad crossing,Noun,Core 2000 Step 08 - 087,28754
1706,まく,まく,"scatter (st), sow seeds",Verb,Core 2000 Step 10 - 158,3937
1707,蹴る,ける,kick,Verb,Core 2000 Step 06 - 199,1790
1708,食堂,しょくどう,"dining hall, restaurant",Noun,Core 2000 Step 06 - 046,2660
1709,猫,ねこ,"cat, feline",Noun,Core 2000 Step 06 - 184,1012
1710,文章,ぶんしょう,"writing, prose",Noun,Core 2000 Step 03 - 184,2141
1711,やかん,やかん,kettle,Noun,Core 2000 Step 10 - 169,27510
1712,丈夫,じょうぶ,"healthy, stout",Adjectival Noun,Core 2000 Step 10 - 070,6643
1713,また,また,"again, also, or",Adverb,Core 2000 Step 10 - 161,100
1714,お祖父さん,おじいさん,grandfather,Noun,Core 2000 Step 07 - 139,5167
1715,お祖母さん,おばあさん,grandmother,Noun,Core 2000 Step 10 - 027,6866
1716,ようこそ,ようこそ,welcome,Adverb,Core 2000 Step 10 - 180,13192
1717,祖父,そふ,grandfather,Noun,Core 2000 Step 10 - 079,2542
1718,祖母,そぼ,grandmother,Noun,Core 2000 Step 10 - 081,3293
1719,邪魔,じゃま,"obstacle, interruption",Adjectival Noun,Core 2000 Step 08 - 105,1949
1720,風邪薬,かぜぐすり,remedy for a cold,Noun,Core 2000 Step 10 - 034,42249
1721,風呂屋,ふろや,"bathhouse, public bath",Noun,Core 2000 Step 10 - 006,33230
1722,風呂,ふろ,bath,Noun,Core 2000 Step 10 - 150,3087
1723,昭和,しょうわ,Showa era,Noun,Core 2000 Step 03 - 085,881
1724,紫,むらさき,purple,Noun,Core 2000 Step 10 - 166,2579
1725,そんなに,そんなに,"like that, so",Adverb,Core 2000 Step 10 - 191,877
1726,紅茶,こうちゃ,black tea,Noun,Core 2000 Step 08 - 104,4892
1727,梅雨,つゆ,rainy season,Noun,Core 2000 Step 08 - 076,12324
1728,桃,もも,"peach, peach tree",Noun,Core 2000 Step 09 - 123,6384
1729,遭う,あう,encounter something (unexpected),Verb,Core 2000 Step 06 - 180,3917
1730,枕,まくら,pillow,Noun,Core 2000 Step 10 - 159,3803
1731,嘘,うそ,lie,Noun,Core 2000 Step 08 - 011,823
1732,遠慮,えんりょ,"reserve, hesitation, forethought",Verbal Noun,Core 2000 Step 08 - 012,2693
1733,叱る,しかる,"scold, tell off, reprimand",Verb,Core 2000 Step 10 - 065,2798
1734,傘,かさ,"umbrella, parasol",Noun,Core 2000 Step 07 - 166,3603
1735,おじょうさん,おじょうさん,"young lady, your daughter",Noun,Core 2000 Step 08 - 023,41087
1736,年賀状,ねんがじょう,New Year's card,Noun,Core 2000 Step 08 - 052,22640
1737,賑やか,にぎやか,"lively, exciting",Adjectival Noun,Core 2000 Step 10 - 111,7659
1738,蚊,か,mosquito,Noun,Core 2000 Step 08 - 124,7128
1739,拭く,ふく,"wipe, dry",Verb,Core 2000 Step 10 - 144,3213
1740,挨拶,あいさつ,"greet, greeting",Verbal Noun,Core 2000 Step 06 - 079,1257
1741,伴う,ともなう,"accompany, go with",Verb,Core 2000 Step 03 - 182,3441
1742,巻く,まく,"roll (st) up, wind, wrap",Verb,Core 2000 Step 06 - 073,1314
1743,靴,くつ,"shoes, boots",Noun,Core 2000 Step 06 - 049,1503
1744,靴下,くつした,"socks, stockings",Noun,Core 2000 Step 08 - 128,7356
1745,磨く,みがく,"polish, grind",Verb,Core 2000 Step 07 - 110,5011
1746,歯磨き,はみがき,"toothpaste, brushing one's teeth",Noun,Core 2000 Step 09 - 058,50154
1747,廊下,ろうか,"hallway, corridor",Noun,Core 2000 Step 06 - 083,717
1748,瓶,びん,"bottle, flask",Noun,Core 2000 Step 10 - 143,3651
1749,褒める,ほめる,"praise, commend",Verb,Core 2000 Step 09 - 159,5818
1750,元旦,がんたん,New Year's Day,Noun,Core 2000 Step 10 - 043,19294
1751,袖,そで,sleeve,Noun,Core 2000 Step 10 - 077,2312
1752,長袖,ながそで,clothes with long sleeves,Noun,Core 2000 Step 10 - 107,26761
1753,半袖,はんそで,short-sleeved shirt,Noun,Core 2000 Step 10 - 132,21888
1754,馬鹿,ばか,"fool, nonsense",Adjectival Noun,Core 2000 Step 09 - 032,1636
1755,凄い,すごい,"wonderful, terrible",Adjective,Core 2000 Step 06 - 154,2446
1756,剃る,そる,shave,Verb,Core 2000 Step 10 - 083,7642
1757,喧嘩,けんか,"fight, quarrel, argument",Verbal Noun,Core 2000 Step 10 - 052,2243
1758,叩く,たたく,"tap, hit, play (drums)",Verb,Core 2000 Step 06 - 082,783
1759,噛む,かむ,"bite, chew",Verb,Core 2000 Step 07 - 122,2219
1760,味噌汁,みそしる,miso soup,Noun,Core 2000 Step 09 - 019,10776
1761,姪,めい,niece,Noun,Core 2000 Step 10 - 167,8903
1762,苺,いちご,strawberry,Noun,Core 2000 Step 09 - 049,23551
1763,茄子,なす,eggplant,Noun,Core 2000 Step 10 - 108,18956
1764,椅子,いす,chair,Noun,Core 2000 Step 07 - 095,725
1765,痩せる,やせる,"lose weight, become thin",Verb,Core 2000 Step 10 - 171,3220
1766,箸,はし,chopsticks,Noun,Core 2000 Step 08 - 182,4149
1767,糊,のり,"glue, (clothing) starch",Noun,Core 2000 Step 09 - 015,16994
1768,醤油,しょうゆ,soy sauce,Noun,Core 2000 Step 10 - 071,9391
1769,鋏,はさみ,scissors,Noun,Core 2000 Step 09 - 104,12068
1770,鞄,かばん,"bag, handbag, briefcase",Noun,Core 2000 Step 10 - 037,3619
1771,顎,あご,"jaw, chin",Noun,Core 2000 Step 10 - 015,1822
1772,飴,あめ,"candy, sweets",Noun,Core 2000 Step 09 - 126,16027
1773,石鹸,せっけん,soap,Noun,Core 2000 Step 10 - 074,11972
1774,差,さ,difference,Noun,Core 6000 Step 01 - 054,2354
1775,失う,うしなう,"lose, miss",Verb,Core 6000 Step 01 - 041,546
1776,外れる,はずれる,come off,Verb,Core 6000 Step 11 - 018,3998
1777,測る,はかる,"measure, gauge",Verb,Core 6000 Step 10 - 004,6848
1778,含める,ふくめる,include,Verb,Core 6000 Step 11 - 423,3198
1779,含む,ふくむ,"contain, include",Verb,Core 6000 Step 12 - 365,1674
1780,頂戴,ちょうだい,"getting, receiving",Verbal Noun,Core 6000 Step 12 - 243,5616
1781,一,いち,one,Noun,Core 2000 Step 01 - 114,35
1782,二,に,two,Noun,Core 2000 Step 02 - 076,42
1783,三,さん,three,Noun,Core 2000 Step 02 - 092,59
1784,四,し,four,Noun,Core 2000 Step 02 - 153,122
1785,これ,これ,"this, this one",Noun,Core 2000 Step 01 - 006,57
1786,四,よん,four,Noun,Core 2000 Step 02 - 187,122
1787,五,ご,five,Noun,Core 2000 Step 02 - 147,105
1788,六,ろく,six,Noun,Core 2000 Step 02 - 189,149
1789,七,なな,seven,Noun,Core 2000 Step 02 - 122,169
1790,八,はち,eight,Noun,Core 2000 Step 02 - 106,160
1791,九,きゅう,nine,Noun,Core 2000 Step 02 - 113,184
1792,十,じゅう,ten,Noun,Core 2000 Step 02 - 034,52
1793,円,えん,yen,Noun,Core 2000 Step 02 - 197,503
1794,する,する,"do, make",Verb,Core 2000 Step 01 - 012,10
1795,日,にち,day,Noun,Core 2000 Step 02 - 066,94
1796,そう,そう,"in such manner, that way",Adverb,Core 2000 Step 01 - 036,30
1797,できる,できる,"can do, be good at",Verb,Core 2000 Step 01 - 132,72
1798,男,おとこ,"man, male",Noun,Core 2000 Step 02 - 138,68
1799,女,おんな,"woman, girl",Noun,Core 2000 Step 02 - 141,97
1800,ある,ある,"exist, possess",Verb,Core 2000 Step 02 - 128,15
1801,無い,ない,to not be,Adjective,Core 2000 Step 02 - 055,1082
1802,ドア,ドア,door,Noun,Core 2000 Step 01 - 200,341
1803,テーブル,テーブル,table,Noun,Core 2000 Step 02 - 030,656
1804,ゲーム,ゲーム,game,Noun,Core 2000 Step 02 - 033,2307
1805,ミーティング,ミーティング,meeting,Noun,Core 2000 Step 02 - 050,23773
1806,あれ,あれ,that over there,Noun,Core 2000 Step 02 - 075,255
1807,七,しち,seven,Noun,Core 2000 Step 09 - 196,169
1808,九,く,nine,Noun,Core 2000 Step 09 - 174,184
1809,ドル,ドル,dollar,Noun,Core 2000 Step 03 - 025,2778
1810,システム,システム,system,Noun,Core 2000 Step 03 - 026,3228
1811,コンピュータ,コンピュータ,computer,Noun,Core 2000 Step 03 - 036,7035
1812,何,なん,"what, which",Noun,Core 2000 Step 10 - 109,53
1813,ロボット,ロボット,robot,Noun,Core 2000 Step 03 - 050,5782
1814,行き,ゆき,going,Noun,Core 2000 Step 10 - 176,3764
1815,パソコン,パソコン,personal computer,Noun,Core 2000 Step 03 - 062,6138
1816,プログラム,プログラム,program,Noun,Core 2000 Step 03 - 087,6594
1817,方,かた,person (polite),Noun,Core 2000 Step 10 - 035,121
1818,テレビ,テレビ,television,Noun,Core 2000 Step 03 - 107,1094
1819,ソフト,ソフト,"software, programme",Noun,Core 2000 Step 03 - 134,11204
1820,毎年,まいねん,every year (more formal),Noun,Core 2000 Step 06 - 022,4659
1821,サービス,サービス,"service, on the house",Verbal Noun,Core 2000 Step 04 - 009,5175
1822,グループ,グループ,group,Noun,Core 2000 Step 04 - 040,2641
1823,ホテル,ホテル,hotel,Noun,Core 2000 Step 04 - 051,693
1824,スポーツ,スポーツ,sport,Noun,Core 2000 Step 04 - 152,5514
1825,ニュース,ニュース,news,Noun,Core 2000 Step 05 - 023,2862
1826,ビデオ,ビデオ,video,Noun,Core 2000 Step 05 - 032,4413
1827,英語,えいご,English,Noun,Core 2000 Step 04 - 175,2013
1828,ローマ字,ろーまじ,Roman alphabet,Noun,Core 2000 Step 09 - 047,30787
1829,マンション,マンション,(modern) apartment complex,Noun,Core 2000 Step 05 - 033,1532
1830,ガス,ガス,gas,Noun,Core 2000 Step 05 - 056,4236
1831,サラリーマン,サラリーマン,"office worker, salaried worker, company employee",Noun,Core 2000 Step 05 - 069,4468
1832,バス,バス,bus,Noun,Core 2000 Step 05 - 078,1800
1833,クラス,クラス,class (ローマ字),Noun,Core 2000 Step 05 - 093,1923
1834,他,た,"others, other things",Noun,Core 2000 Step 04 - 073,274
1835,パーティー,パーティー,party,Verbal Noun,Core 2000 Step 05 - 098,6557
1836,コース,コース,"course, class, route",Noun,Core 2000 Step 05 - 107,3945
1837,アパート,アパート,"apartment, flat",Noun,Core 2000 Step 05 - 108,1450
1838,レコード,レコード,record,Noun,Core 2000 Step 05 - 110,5552
1839,カメラ,カメラ,camera,Noun,Core 2000 Step 05 - 118,2193
1840,白,しろ,white,Noun,Core 2000 Step 10 - 072,1216
1841,テープ,テープ,"tape, cassette",Noun,Core 2000 Step 05 - 125,4503
1842,ページ,ページ,page,Noun,Core 2000 Step 05 - 148,2464
1843,グラフ,グラフ,"graph, chart",Noun,Core 2000 Step 05 - 154,24771
1844,ポスト,ポスト,mailbox,Noun,Core 2000 Step 05 - 166,9559
1845,茶,ちゃ,tea (plain form),Noun,Core 2000 Step 07 - 092,2244
1846,テスト,テスト,test,Verbal Noun,Core 2000 Step 05 - 172,4846
1847,ゴルフ,ゴルフ,golf,Noun,Core 2000 Step 05 - 180,6116
1848,ラジオ,ラジオ,radio,Noun,Core 2000 Step 05 - 182,3858
1849,タクシー,タクシー,"taxi, cab",Noun,Core 2000 Step 05 - 184,1683
1850,レストラン,レストラン,restaurant,Noun,Core 2000 Step 06 - 004,3446
1851,カード,カード,"card, credit card",Noun,Core 2000 Step 06 - 006,2524
1852,コピー,コピー,"copy, photocopy",Verbal Noun,Core 2000 Step 06 - 024,5757
1853,フィルム,フィルム,film (外来語),Noun,Core 2000 Step 06 - 028,6156
1854,デパート,デパート,"department store, department",Noun,Core 2000 Step 06 - 031,5134
1855,ベッド,ベッド,bed,Noun,Core 2000 Step 06 - 038,681
1856,コート,コート,"coat, jacket",Noun,Core 2000 Step 06 - 044,2811
1857,ノート,ノート,"notebook, laptop",Noun,Core 2000 Step 06 - 057,3433
1858,ワイン,ワイン,wine,Noun,Core 2000 Step 06 - 072,4320
1859,トイレ,トイレ,toilet,Noun,Core 2000 Step 06 - 087,3005
1860,キャンプ,キャンプ,"camping, camp",Verbal Noun,Core 2000 Step 06 - 093,7554
1861,プラスチック,プラスチック,plastic,Noun,Core 2000 Step 06 - 103,11058
1862,カラー,カラー,"color, collar",Noun,Core 2000 Step 06 - 116,9098
1863,ピアノ,ピアノ,piano,Noun,Core 2000 Step 06 - 120,3723
1864,スキー,スキー,"ski, skiing",Noun,Core 2000 Step 06 - 130,8224
1865,プール,プール,pool,Noun,Core 2000 Step 06 - 136,5342
1866,エレベーター,エレベーター,elevator,Noun,Core 2000 Step 06 - 150,2666
1867,メモ,メモ,memo,Noun,Core 2000 Step 06 - 151,3038
1868,グラム,グラム,gram,Noun,Core 2000 Step 06 - 174,11670
1869,コーヒー,コーヒー,coffee,Noun,Core 2000 Step 06 - 175,1564
1870,テント,テント,tent,Noun,Core 2000 Step 06 - 178,4453
1871,ボート,ボート,"row boat, boat",Noun,Core 2000 Step 06 - 179,3106
1872,ボール,ボール,ball,Noun,Core 2000 Step 06 - 181,3363
1873,あなた,あなた,you,Noun,Core 2000 Step 07 - 011,118
1874,スイッチ,スイッチ,switch,Noun,Core 2000 Step 07 - 019,3204
1875,プレゼント,プレゼント,"present, gift",Verbal Noun,Core 2000 Step 07 - 024,5492
1876,テニス,テニス,tennis,Verbal Noun,Core 2000 Step 07 - 030,13046
1877,こちら,こちら,"here, this way",Noun,Core 2000 Step 07 - 036,338
1878,ボタン,ボタン,button,Noun,Core 2000 Step 07 - 038,2770
1879,コート,コート,(tennis) court,Noun,Core 2000 Step 07 - 043,2811
1880,ドラマ,ドラマ,"drama, theater, soap opera",Noun,Core 2000 Step 07 - 045,6153
1881,ビザ,ビザ,visa,Noun,Core 2000 Step 07 - 046,30430
1882,ポケット,ポケット,pocket,Noun,Core 2000 Step 07 - 050,1126
1883,クリスマス,クリスマス,Christmas,Noun,Core 2000 Step 07 - 070,4731
1884,ネクタイ,ネクタイ,"tie, necktie",Noun,Core 2000 Step 07 - 071,4862
1885,バイオリン,バイオリン,violin,Noun,Core 2000 Step 07 - 077,23019
1886,パスポート,パスポート,passport,Noun,Core 2000 Step 07 - 078,12345
1887,バッグ,バッグ,bag,Noun,Core 2000 Step 07 - 079,3208
1888,ギター,ギター,guitar,Noun,Core 2000 Step 07 - 091,9606
1889,セーター,セーター,"sweater, pullover",Noun,Core 2000 Step 07 - 100,6879
1890,カーテン,カーテン,curtain,Noun,Core 2000 Step 07 - 111,2528
1891,シャツ,シャツ,shirt,Noun,Core 2000 Step 07 - 113,2826
1892,ナイフ,ナイフ,knife,Noun,Core 2000 Step 07 - 114,1646
1893,バイク,バイク,motorcycle,Noun,Core 2000 Step 07 - 118,6262
1894,オレンジ,オレンジ,orange,Noun,Core 2000 Step 07 - 121,9985
1895,アルバム,アルバム,album,Noun,Core 2000 Step 07 - 138,10074
1896,真ん中,まんなか,"center, middle",Noun,Core 2000 Step 07 - 169,3705
1897,スカート,スカート,skirt,Noun,Core 2000 Step 07 - 143,3343
1898,ペン,ペン,pen,Noun,Core 2000 Step 07 - 145,5393
1899,メニュー,メニュー,"menu, bill of fare",Noun,Core 2000 Step 07 - 175,7660
1900,アイスクリーム,アイスクリーム,ice cream,Noun,Core 2000 Step 07 - 176,12533
1901,ジュース,ジュース,"juice, soft drink",Noun,Core 2000 Step 07 - 180,8151
1902,ゼロ,ゼロ,zero,Noun,Core 2000 Step 07 - 182,5177
1903,ピンク,ピンク,pink,Noun,Core 2000 Step 07 - 194,5643
1904,グラス,グラス,glass,Noun,Core 2000 Step 07 - 195,1817
1905,兄さん,にいさん,older brother,Noun,Core 2000 Step 10 - 110,2047
1906,ダンス,ダンス,"dance, dancing",Verbal Noun,Core 2000 Step 07 - 198,5272
1907,業者,ぎょうしゃ,business man,Noun,Core 2000 Step 03 - 200,6661
1908,サッカー,サッカー,"soccer, football",Noun,Core 2000 Step 08 - 007,9770
1909,スープ,スープ,"soup, broth",Noun,Core 2000 Step 08 - 015,6052
1910,バナナ,バナナ,banana,Noun,Core 2000 Step 08 - 016,11957
1911,パトカー,パトカー,"police car, patrol car",Noun,Core 2000 Step 08 - 019,6540
1912,ハンバーガー,ハンバーガー,hamburger,Noun,Core 2000 Step 08 - 020,17475
1913,エスカレーター,エスカレーター,escalator,Noun,Core 2000 Step 08 - 022,23097
1914,タオル,タオル,towel,Noun,Core 2000 Step 08 - 024,4354
1915,パチンコ,パチンコ,pachinko (vertical pinball),Noun,Core 2000 Step 08 - 028,10482
1916,みかん,みかん,"tangerine, mandarin orange",Noun,Core 2000 Step 08 - 031,15681
1917,ケーキ,ケーキ,cake,Noun,Core 2000 Step 08 - 033,6636
1918,コップ,コップ,"cup, glass",Noun,Core 2000 Step 08 - 034,3624
1919,ナイロン,ナイロン,nylon,Noun,Core 2000 Step 08 - 038,26108
1920,スーツ,スーツ,suit,Noun,Core 2000 Step 08 - 047,2779
1921,チケット,チケット,ticket,Noun,Core 2000 Step 08 - 048,12104
1922,チョコレート,チョコレート,chocolate,Noun,Core 2000 Step 08 - 049,7838
1923,チャンネル,チャンネル,channel,Noun,Core 2000 Step 08 - 061,12830
1924,マッチ,マッチ,"match, matchbox",Noun,Core 2000 Step 08 - 063,5926
1925,ストーブ,ストーブ,"paraffin heater, stove",Noun,Core 2000 Step 08 - 068,8425
1926,ガソリンスタンド,ガソリンスタンド,gas station,Noun,Core 2000 Step 08 - 071,32520
1927,デート,デート,date,Verbal Noun,Core 2000 Step 08 - 077,4865
1928,レモン,レモン,lemon,Noun,Core 2000 Step 08 - 080,9813
1929,チーズ,チーズ,cheese,Noun,Core 2000 Step 08 - 085,9900
1930,ドライブ,ドライブ,drive,Verbal Noun,Core 2000 Step 08 - 086,9406
1931,ラケット,ラケット,racket,Noun,Core 2000 Step 08 - 088,32520
1932,スチュワーデス,スチュワーデス,flight attendant,Noun,Core 2000 Step 08 - 093,17023
1933,テープレコーダー,テープレコーダー,"tape recorder, cassette recorder",Noun,Core 2000 Step 08 - 095,24615
1934,ソース,ソース,"sauce, Worcestershire sauce",Noun,Core 2000 Step 08 - 106,13525
1935,タイプライター,タイプライター,typewriter,Noun,Core 2000 Step 08 - 107,21480
1936,トマト,トマト,tomato,Noun,Core 2000 Step 08 - 109,13359
1937,バター,バター,butter,Noun,Core 2000 Step 08 - 111,9981
1938,バレーボール,バレーボール,volleyball,Noun,Core 2000 Step 08 - 113,35660
1939,カレンダー,カレンダー,calendar,Noun,Core 2000 Step 08 - 115,16205
1940,ハンドバッグ,ハンドバッグ,handbag,Noun,Core 2000 Step 08 - 120,8142
1941,ベル,ベル,bell,Noun,Core 2000 Step 08 - 121,1842
1942,インク,インク,ink,Noun,Core 2000 Step 08 - 123,11699
1943,ミルク,ミルク,"milk, baby milk",Noun,Core 2000 Step 08 - 135,7435
1944,サラダ,サラダ,salad,Noun,Core 2000 Step 08 - 140,12194
1945,ベルト,ベルト,belt,Noun,Core 2000 Step 08 - 149,4496
1946,ラーメン,ラーメン,ramen (Chinese noodles),Noun,Core 2000 Step 08 - 152,10669
1947,ライター,ライター,lighter,Noun,Core 2000 Step 08 - 153,5268
1948,ワイシャツ,ワイシャツ,"(business) shirt, (white) shirt",Noun,Core 2000 Step 08 - 154,9749
1949,シャワー,シャワー,shower,Noun,Core 2000 Step 08 - 157,4898
1950,うどん,うどん,"noodles, Japanese wheat noodles",Noun,Core 2000 Step 08 - 161,11441
1951,スーパーマーケット,スーパーマーケット,supermarket,Noun,Core 2000 Step 08 - 171,24313
1952,ハンカチ,ハンカチ,handkerchief,Noun,Core 2000 Step 08 - 172,3554
1953,ビデオテープ,ビデオテープ,videotape,Noun,Core 2000 Step 08 - 173,22073
1954,アナウンサー,アナウンサー,"news reader, announcer",Noun,Core 2000 Step 08 - 175,12295
1955,スプーン,スプーン,spoon,Noun,Core 2000 Step 08 - 179,8357
1956,ブラウス,ブラウス,blouse,Noun,Core 2000 Step 08 - 185,8418
1957,リボン,リボン,ribbon,Noun,Core 2000 Step 08 - 187,6209
1958,ステレオ,ステレオ,stereo,Noun,Core 2000 Step 08 - 191,19205
1959,フォーク,フォーク,fork,Noun,Core 2000 Step 08 - 194,8317
1960,どうぞ,どうぞ,"please, by all means, here you are",Adverb,Core 2000 Step 08 - 200,1153
1961,ネックレス,ネックレス,necklace,Noun,Core 2000 Step 09 - 003,14344
1962,パジャマ,パジャマ,pajamas,Noun,Core 2000 Step 09 - 004,7955
1963,ボールペン,ボールペン,ballpoint pen,Noun,Core 2000 Step 09 - 005,13010
1964,そば,そば,"buckwheat noodles, soba",Noun,Core 2000 Step 09 - 011,540
1965,バスケットボール,バスケットボール,basketball,Noun,Core 2000 Step 09 - 016,44363
1966,サンドイッチ,サンドイッチ,sandwich,Noun,Core 2000 Step 09 - 026,11553
1967,ウール,ウール,wool,Noun,Core 2000 Step 09 - 035,31927
1968,コーラ,コーラ,"cola, coke",Noun,Core 2000 Step 09 - 036,10705
1969,トイレットペーパー,トイレットペーパー,toilet paper,Noun,Core 2000 Step 09 - 037,40199
1970,ハイキング,ハイキング,hiking,Verbal Noun,Core 2000 Step 09 - 040,34408
1971,ハム,ハム,ham,Noun,Core 2000 Step 09 - 043,11761
1972,ボーイフレンド,ボーイフレンド,boyfriend,Noun,Core 2000 Step 09 - 044,17641
1973,アイロン,アイロン,iron,Noun,Core 2000 Step 09 - 048,20172
1974,カレーライス,カレーライス,curry rice,Noun,Core 2000 Step 09 - 050,26983
1975,キャッシュカード,キャッシュカード,ATM card,Noun,Core 2000 Step 09 - 051,38927
1976,イヤリング,イヤリング,earrings,Noun,Core 2000 Step 09 - 065,25154
1977,ガールフレンド,ガールフレンド,girlfriend,Noun,Core 2000 Step 09 - 069,23427
1978,カセットテープ,カセットテープ,cassette tape,Noun,Core 2000 Step 09 - 070,39314
1979,ジャム,ジャム,jam,Noun,Core 2000 Step 09 - 076,12763
1980,スリッパ,スリッパ,slippers,Noun,Core 2000 Step 09 - 077,10327
1981,トランプ,トランプ,"(a pack of) cards, (playing) cards",Verbal Noun,Core 2000 Step 09 - 080,10550
1982,ラッシュアワー,ラッシュアワー,rush hour,Noun,Core 2000 Step 09 - 089,53169
1983,カップ,カップ,"cup, cup (measurement)",Noun,Core 2000 Step 09 - 094,4279
1984,スケート,スケート,"skate, skates",Noun,Core 2000 Step 09 - 097,33845
1985,ピクニック,ピクニック,picnic,Noun,Core 2000 Step 09 - 106,21518
1986,すき焼き,すきやき,sukiyaki,Noun,Core 2000 Step 09 - 178,47902
1987,マフラー,マフラー,"scarf, muffler",Noun,Core 2000 Step 09 - 122,13264
1988,アクセサリー,アクセサリー,"accessories, jewelry",Noun,Core 2000 Step 09 - 124,18443
1989,ランチ,ランチ,lunch,Noun,Core 2000 Step 09 - 140,9690
1990,レシート,レシート,receipt,Noun,Core 2000 Step 09 - 141,37876
1991,チョーク,チョーク,chalk,Noun,Core 2000 Step 09 - 148,22554
1992,ティッシュ,ティッシュ,tissue,Noun,Core 2000 Step 09 - 150,17475
1993,ノック,ノック,knock,Verbal Noun,Core 2000 Step 09 - 154,3683
1994,ピンポン,ピンポン,"table tennis, ping pong",Verbal Noun,Core 2000 Step 09 - 183,37293
1995,レインコート,レインコート,raincoat,Noun,Core 2000 Step 09 - 189,16883
1996,アイス,アイス,"popsicle, ice lolly",Noun,Core 2000 Step 09 - 190,17692
1997,ウィスキー,ウィスキー,whisky,Noun,Core 2000 Step 09 - 192,9567
1998,エアメール,エアメール,airmail,Noun,Core 2000 Step 09 - 193,90120
1999,シャープペンシル,シャープペンシル,mechanical pencil,Noun,Core 2000 Step 09 - 197,59483
2000,アイスコーヒー,アイスコーヒー,iced coffee,Noun,Core 2000 Step 10 - 013,31355
2001,ウェートレス,ウェートレス,waitress,Noun,Core 2000 Step 10 - 022,103602
2002,居る,いる,be present,Verb,Core 2000 Step 08 - 189,561
2003,クリーニング,クリーニング,"cleaning, laundry",Verbal Noun,Core 2000 Step 10 - 050,29580
2004,てんぷら,てんぷら,"tempura, Japanese deep-fried breaded food",Noun,Core 2000 Step 10 - 103,42439
2005,パーセント,パーセント,percent,Noun,Core 2000 Step 10 - 123,3297
2006,ウェーター,ウェーター,waiter,Noun,Core 2000 Step 10 - 187,137227
2007,逢う,あう,meet (esp. sb of the opposite sex),Verb,Core 2000 Step 05 - 183,2647
