Kanji,Kanji_Core_Meaning,Word,Word_Reading,English_Meaning,Connection_Type,Figurative_Note,Position_in_Deck
一,"one, one radical (no.1)",一つ,ひとつ,one (thing),direct,,2
一,"one, one radical (no.1)",一日,ついたち,1st of the month,direct,,26
一,"one, one radical (no.1)",一人,ひとり,"one, one person",direct,,73
一,"one, one radical (no.1)",一番,いちばん,most,direct,,195
一,"one, one radical (no.1)",一杯,いっぱい,full,direct,,296
一,"one, one radical (no.1)",一緒に,いっしょに,"together, at the same time",direct,,319
一,"one, one radical (no.1)",一方,いっぽう,one way,direct,,418
一,"one, one radical (no.1)",一人で,ひとりで,by oneself,direct,,423
一,"one, one radical (no.1)",一昨年,おととし,the year before last,direct,,484
一,"one, one radical (no.1)",一昨日,おととい,day before yesterday,direct,,485
一,"one, one radical (no.1)",一部,いちぶ,part,direct,,605
一,"one, one radical (no.1)",一定,いってい,"constant, fixed",direct,,860
一,"one, one radical (no.1)",一般,いっぱん,"general, common",figurative,"one + sort/kind → ""of one kind"" → general, common",1045
一,"one, one radical (no.1)",一生懸命,いっしょうけんめい,"as hard as one can, with all one's might",figurative,one life + risking → as if risking one's whole life → with all one's might,1588
一,"one, one radical (no.1)",一,いち,one,direct,,1781
二,"two, two radical (no. 7)",二つ,ふたつ,two (things),direct,,3
二,"two, two radical (no. 7)",二十日,はつか,"20 days, 20th of the month",direct,,22
二,"two, two radical (no. 7)",二日,ふつか,"two days, 2nd of the month",direct,,23
二,"two, two radical (no. 7)",二人,ふたり,two persons,direct,,420
二,"two, two radical (no. 7)",二階,にかい,"second floor, upstairs",direct,,656
二,"two, two radical (no. 7)",二十歳,はたち,20 years old,direct,,1009
二,"two, two radical (no. 7)",二,に,two,direct,,1782
三,three,三つ,みっつ,three (things),direct,,4
三,three,三日,みっか,"three days, 3rd of the month",direct,,19
三,three,三角,さんかく,triangle,direct,,979
三,three,三,さん,three,direct,,1783
四,four,四つ,よっつ,four (things),direct,,5
四,four,四日,よっか,"four days, 4th of the month",direct,,29
四,four,四季,しき,the four seasons,direct,,666
四,four,四角,しかく,"square, quadrilateral",direct,,980
四,four,四角い,しかくい,"square, four-sided",direct,,981
四,four,四つ角,よつかど,"street corner, intersection",direct,,982
四,four,四,し,four,direct,,1784
四,four,四,よん,four,direct,,1786
五,five,五つ,いつつ,five (things),direct,,6
五,five,五日,いつか,"five days, 5th of the month",direct,,20
五,five,五,ご,five,direct,,1787
六,six,六つ,むっつ,six (things),direct,,7
六,six,六日,むいか,"six days, 6th of the month",direct,,18
六,six,六,ろく,six,direct,,1788
七,seven,七つ,ななつ,seven (things),direct,,8
七,seven,七日,なのか,"seven days, 7th of the month",direct,,28
七,seven,七,なな,seven,direct,,1789
七,seven,七,しち,seven,direct,,1807
八,"eight, eight radical (no. 12)",八つ,やっつ,eight (things),direct,,9
八,"eight, eight radical (no. 12)",八日,ようか,"eight days, 8th of the month",direct,,21
八,"eight, eight radical (no. 12)",八百屋,やおや,"vegetable store, greengrocer",direct,,630
八,"eight, eight radical (no. 12)",八,はち,eight,direct,,1790
九,nine,九つ,ここのつ,nine (things),direct,,11
九,nine,九日,ここのか,"nine days, 9th of the month",direct,,24
九,nine,九,きゅう,nine,direct,,1791
九,nine,九,く,nine,direct,,1808
百,hundred,百,ひゃく,hundred,direct,,12
百,hundred,八百屋,やおや,"vegetable store, greengrocer",direct,,630
千,thousand,千,せん,thousand,direct,,13
万,"ten thousand, 10,000",万,まん,ten thousand,direct,,14
万,"ten thousand, 10,000",万歳,ばんざい,Banzai! Hurrah! Long live...!,direct,,1008
万,"ten thousand, 10,000",万年筆,まんねんひつ,fountain pen,direct,,1622
円,"circle, yen",円,えん,circle,direct,,15
円,"circle, yen",円,えん,yen,direct,,1793
時,"time, hour",時,とき,time,direct,,16
時,"time, hour",時々,ときどき,sometimes,direct,,17
時,"time, hour",時間,じかん,"time, hour",direct,,109
時,"time, hour",時計,とけい,"clock, watch",direct,,229
時,"time, hour",当時,とうじ,at that time,direct,,792
時,"time, hour",目覚まし時計,めざましどけい,alarm clock,direct,,820
時,"time, hour",時期,じき,"time, period, season",direct,,840
時,"time, hour",時代,じだい,"age, era, antiquity",direct,,854
時,"time, hour",腕時計,うでどけい,wrist watch,direct,,1615
日,"day, sun",六日,むいか,"six days, 6th of the month",direct,,18
日,"day, sun",三日,みっか,"three days, 3rd of the month",direct,,19
日,"day, sun",五日,いつか,"five days, 5th of the month",direct,,20
日,"day, sun",八日,ようか,"eight days, 8th of the month",direct,,21
日,"day, sun",二十日,はつか,"20 days, 20th of the month",direct,,22
日,"day, sun",二日,ふつか,"two days, 2nd of the month",direct,,23
日,"day, sun",九日,ここのか,"nine days, 9th of the month",direct,,24
日,"day, sun",一日,ついたち,1st of the month,direct,,26
日,"day, sun",十日,とおか,"ten days, 10th of the month",direct,,27
日,"day, sun",七日,なのか,"seven days, 7th of the month",direct,,28
日,"day, sun",四日,よっか,"four days, 4th of the month",direct,,29
日,"day, sun",日曜日,にちようび,Sunday,direct,,33
日,"day, sun",土曜日,どようび,Saturday,direct,,34
日,"day, sun",金曜日,きんようび,Friday,direct,,36
日,"day, sun",月曜日,げつようび,Monday,direct,,37
日,"day, sun",木曜日,もくようび,Thursday,direct,,38
日,"day, sun",曜日,ようび,day of the week,direct,,39
日,"day, sun",火曜日,かようび,Tuesday,direct,,40
日,"day, sun",水曜日,すいようび,Wednesday,direct,,41
日,"day, sun",今日,きょう,today,direct,,49
日,"day, sun",昨日,きのう,yesterday,direct,,102
日,"day, sun",日記,にっき,diary,direct,,301
日,"day, sun",日,ひ,"sun, sunlight, day",direct,,378
日,"day, sun",休日,きゅうじつ,"holiday, day off",direct,,426
日,"day, sun",毎日,まいにち,every day,direct,,449
日,"day, sun",明日,あした,tomorrow,direct,,480
日,"day, sun",一昨日,おととい,day before yesterday,direct,,485
日,"day, sun",明後日,あさって,day after tomorrow,direct,,513
日,"day, sun",半日,はんにち,half a day,direct,,519
日,"day, sun",記念日,きねんび,"memorial day, anniversary",direct,,1363
日,"day, sun",誕生日,たんじょうび,birthday,direct,,1425
日,"day, sun",祝日,しゅくじつ,"holiday, festival day",direct,,1426
日,"day, sun",日陰,ひかげ,the shade,direct,,1673
日,"day, sun",日,にち,day,direct,,1795
十,ten,二十日,はつか,"20 days, 20th of the month",direct,,22
十,ten,十日,とおか,"ten days, 10th of the month",direct,,27
十,ten,十分,じゅうぶん,"enough, plenty",direct,,382
十,ten,二十歳,はたち,20 years old,direct,,1009
十,ten,十,じゅう,ten,direct,,1792
月,"month, moon",月,つき,moon,direct,,30
月,"month, moon",月曜日,げつようび,Monday,direct,,37
月,"month, moon",今月,こんげつ,this month,direct,,50
月,"month, moon",先月,せんげつ,last month,direct,,388
月,"month, moon",来月,らいげつ,next month,direct,,392
月,"month, moon",毎月,まいつき,every month,direct,,453
月,"month, moon",半月,はんつき,half a month,direct,,518
月,"month, moon",正月,しょうがつ,New Year,direct,,1120
月,"month, moon",再来月,さらいげつ,the month after next,direct,,1496
水,water,水,みず,water,direct,,31
水,water,水曜日,すいようび,Wednesday,direct,,41
水,water,水道,すいどう,"tap water, water supply",direct,,576
水,water,水泳,すいえい,swimming,direct,,1238
金,gold,金,かね,money,direct,,32
金,gold,金曜日,きんようび,Friday,direct,,36
金,gold,金,きん,"gold, sum of money, Friday",direct,,381
金,gold,金持ち,かねもち,wealthy person,direct,,735
金,gold,資金,しきん,"funds, a fund",direct,,1115
金,gold,貯金,ちょきん,"savings, deposit",direct,,1447
曜,weekday,日曜日,にちようび,Sunday,direct,,33
曜,weekday,土曜日,どようび,Saturday,direct,,34
曜,weekday,金曜日,きんようび,Friday,direct,,36
曜,weekday,月曜日,げつようび,Monday,direct,,37
曜,weekday,木曜日,もくようび,Thursday,direct,,38
曜,weekday,曜日,ようび,day of the week,direct,,39
曜,weekday,火曜日,かようび,Tuesday,direct,,40
曜,weekday,水曜日,すいようび,Wednesday,direct,,41
土,"soil, earth",土曜日,どようび,Saturday,direct,,34
土,"soil, earth",土地,とち,land,direct,,580
土,"soil, earth",お土産,おみやげ,souvenir,direct,,745
木,"tree, wood",木曜日,もくようび,Thursday,direct,,38
木,"tree, wood",木,き,"tree, wood",direct,,380
木,"tree, wood",木綿,もめん,cotton,direct,,1563
火,fire,火曜日,かようび,Tuesday,direct,,40
火,fire,火,ひ,fire,direct,,379
火,fire,火事,かじ,fire (emergency),direct,,563
週,week,週,しゅう,week,direct,,42
週,week,今週,こんしゅう,this week,direct,,51
週,week,先週,せんしゅう,last week,direct,,390
週,week,来週,らいしゅう,next week,direct,,393
週,week,毎週,まいしゅう,every week,direct,,452
週,week,週末,しゅうまつ,weekend,direct,,637
週,week,週刊誌,しゅうかんし,weekly magazine,direct,,1342
週,week,再来週,さらいしゅう,the week after next,direct,,1497
年,"year, counter for years",年,とし,"year, age",direct,,43
年,"year, counter for years",今年,ことし,this year,direct,,47
年,"year, counter for years",来年,らいねん,next year,direct,,53
年,"year, counter for years",去年,きょねん,last year,direct,,248
年,"year, counter for years",少年,しょうねん,boy,direct,,401
年,"year, counter for years",年上,としうえ,"older, senior",direct,,408
年,"year, counter for years",年下,としした,"junior, younger person",direct,,416
年,"year, counter for years",毎年,まいとし,every year (less formal),direct,,450
年,"year, counter for years",昨年,さくねん,last year (polite),direct,,482
年,"year, counter for years",一昨年,おととし,the year before last,direct,,484
年,"year, counter for years",年間,ねんかん,period of one year,direct,,499
年,"year, counter for years",半年,はんとし,half a year,direct,,516
年,"year, counter for years",年度,ねんど,"fiscal year, school year",direct,,589
年,"year, counter for years",新年,しんねん,New Year,direct,,683
年,"year, counter for years",年寄り,としより,"old person, a senior",direct,,1275
年,"year, counter for years",再来年,さらいねん,the year after next,direct,,1495
年,"year, counter for years",万年筆,まんねんひつ,fountain pen,direct,,1622
年,"year, counter for years",年賀状,ねんがじょう,New Year's card,direct,,1736
年,"year, counter for years",毎年,まいねん,every year (more formal),direct,,1820
分,"part, minute of time",分かる,わかる,understand,direct,,44
分,"part, minute of time",多分,たぶん,"probably, perhaps",direct,,62
分,"part, minute of time",自分,じぶん,"self, oneself",direct,,287
分,"part, minute of time",十分,じゅうぶん,"enough, plenty",direct,,382
分,"part, minute of time",分,ぶん,"amount, part, share",direct,,383
分,"part, minute of time",分ける,わける,"divide into parts, sort, share",direct,,384
分,"part, minute of time",分かれる,わかれる,"be divided, disperse, branch off",direct,,385
分,"part, minute of time",大分,だいぶ,"very, greatly",direct,,399
分,"part, minute of time",半分,はんぶん,half,direct,,515
分,"part, minute of time",部分,ぶぶん,"part, section",direct,,606
分,"part, minute of time",分野,ぶんや,"field, sphere",direct,,627
分,"part, minute of time",随分,ずいぶん,"extremely, considerably",direct,,1674
何,what,何,なに,"what, which",direct,,45
何,what,何か,なにか,"something, some",direct,,386
何,what,何度,なんど,"how many degrees, how many times",direct,,592
何,what,何,なん,"what, which",direct,,1812
先,"before, ahead",先,さき,"ahead, first",direct,,46
先,"before, ahead",先生,せんせい,teacher (respectful title),direct,,210
先,"before, ahead",先月,せんげつ,last month,direct,,388
先,"before, ahead",先週,せんしゅう,last week,direct,,390
今,now,今年,ことし,this year,direct,,47
今,now,今,いま,now,direct,,48
今,now,今日,きょう,today,direct,,49
今,now,今月,こんげつ,this month,direct,,50
今,now,今週,こんしゅう,this week,direct,,51
今,now,今晩,こんばん,"this evening, tonight",direct,,123
今,now,今まで,いままで,"until now, so far",direct,,391
今,now,今後,こんご,"after this, in the future (formal)",direct,,509
今,now,今朝,けさ,this morning,direct,,521
今,now,今夜,こんや,"tonight, this evening",direct,,528
今,now,今度,こんど,"this time, next time",direct,,590
今,now,今回,こんかい,this time,direct,,786
来,"come, due",来る,くる,come,direct,,52
来,"come, due",来年,らいねん,next year,direct,,53
来,"come, due",来月,らいげつ,next month,direct,,392
来,"come, due",来週,らいしゅう,next week,direct,,393
来,"come, due",未来,みらい,future,direct,,636
来,"come, due",持って来る,もってくる,bring (something),direct,,738
来,"come, due",連れて来る,つれてくる,bring (a person),direct,,1134
来,"come, due",従来,じゅうらい,"former, old",figurative,"follow + come → what has ""followed along"" until now → former, up until now",1181
来,"come, due",再来年,さらいねん,the year after next,direct,,1495
来,"come, due",再来月,さらいげつ,the month after next,direct,,1496
来,"come, due",再来週,さらいしゅう,the week after next,direct,,1497
行,"going, journey",行く,いく,go,direct,,55
行,"going, journey",飛行機,ひこうき,airplane,direct,,298
行,"going, journey",行う,おこなう,"do, carry out",direct,,394
行,"going, journey",行き,いき,going,direct,,395
行,"going, journey",銀行,ぎんこう,bank,direct,,621
行,"going, journey",持って行く,もっていく,take (somewhere),direct,,736
行,"going, journey",急行,きゅうこう,"express train, going in a hurry",direct,,845
行,"going, journey",実行,じっこう,"(putting into) practice, execution",direct,,923
行,"going, journey",旅行,りょこう,"travel, trip",direct,,993
行,"going, journey",飛行場,ひこうじょう,"airport, airfield",direct,,1103
行,"going, journey",連れて行く,つれていく,take (a person) along,direct,,1133
行,"going, journey",流行る,はやる,"be in fashion, be popular",figurative,"flow + go/move → things ""flowing along"" → be in fashion, popular",1240
行,"going, journey",行き,ゆき,going,direct,,1814
帰,"homecoming, arrive at",帰る,かえる,"return, go back",direct,,56
帰,"homecoming, arrive at",帰り,かえり,"return trip, going home",direct,,396
帰,"homecoming, arrive at",帰国,きこく,return to one's country,direct,,612
大,"large, big",大きい,おおきい,big,direct,,57
大,"large, big",大人,おとな,adult,direct,,71
大,"large, big",大好き,だいすき,love,direct,,93
大,"large, big",大学,だいがく,"university, college",direct,,211
大,"large, big",大学生,だいがくせい,university student,direct,,213
大,"large, big",大丈夫,だいじょうぶ,"alright, okay",figurative,"big + hero/guardian + husband → old term for ""a sturdy man"" → now means fine/OK",369
大,"large, big",大きさ,おおきさ,"size, dimensions",direct,,398
大,"large, big",大分,だいぶ,"very, greatly",direct,,399
大,"large, big",大人しい,おとなしい,"gentle, quiet, subdued",direct,,421
大,"large, big",最大,さいだい,"biggest, largest",direct,,505
大,"large, big",大会,たいかい,"mass meeting, tournament",direct,,551
大,"large, big",大事,だいじ,important (thing),direct,,564
大,"large, big",大切,たいせつ,"important, valuable",figurative,"big + cut → cutting deep, vital → important",850
大,"large, big",大変,たいへん,"awful, serious",figurative,"big + change → a big change → serious, awful",870
大,"large, big",大型,おおがた,"large, large scale",direct,,971
大,"large, big",大使館,たいしかん,embassy,direct,,994
大,"large, big",大学院,だいがくいん,graduate school,direct,,1054
大,"large, big",拡大,かくだい,"magnification, enlargement",direct,,1172
大,"large, big",大統領,だいとうりょう,president (of a country),figurative,big + govern/unify + territory/govern → a formal political coinage → president (of a country),1227
大,"large, big",大幅,おおはば,"drastically, substantially",direct,,1299
大,"large, big",大嫌い,だいきらい,hate,direct,,1554
大,"large, big",大抵,たいてい,"generally, mostly",direct,,1555
大,"large, big",大勢,おおぜい,"many (people), a crowd",direct,,1556
小,"little, small",小さい,ちいさい,small,direct,,58
小,"little, small",小学生,しょうがくせい,elementary school student,direct,,752
小,"little, small",小学校,しょうがっこう,elementary school,direct,,756
小,"little, small",小説,しょうせつ,"novel, story",direct,,1095
小,"little, small",小包,こづつみ,"parcel, package",direct,,1632
少,"few, little",少ない,すくない,"few, little",direct,,59
少,"few, little",少し,すこし,"a little, a little while (polite)",direct,,60
少,"few, little",少年,しょうねん,boy,direct,,401
少,"few, little",少しも,すこしも,(not) one bit,direct,,402
少,"few, little",少々,しょうしょう,"a little, a few (formal)",direct,,403
多,"many, frequent",多い,おおい,lots of,direct,,61
多,"many, frequent",多分,たぶん,"probably, perhaps",direct,,62
多,"many, frequent",多く,おおく,"many, much",direct,,404
上,"above, up",上げる,あげる,"raise, improve",direct,,63
上,"above, up",上る,のぼる,"go up, climb up",direct,,65
上,"above, up",上,うえ,"up, above",direct,,66
上,"above, up",上手,じょうず,"skilled,&nbsp;good",figurative,above + hand → skilled,86
上,"above, up",上がる,あがる,"go up, rise",direct,,405
上,"above, up",上がる,あがる,"get nervous, get stage fright",direct,,407
上,"above, up",年上,としうえ,"older, senior",direct,,408
上,"above, up",上り,のぼり,"going up, ascent",direct,,409
上,"above, up",上着,うわぎ,outerwear,direct,,886
上,"above, up",以上,いじょう,"more than,&nbsp;not less than",figurative,"by means of + above → ""from above this point"" → more than",992
上,"above, up",上昇,じょうしょう,"a rise, an increase",direct,,1395
下,"below, down",下,した,"under, below",direct,,67
下,"below, down",下げる,さげる,"lower, turn down",direct,,410
下,"below, down",下がる,さがる,"come down, hang (down), fall",direct,,411
下,"below, down",下りる,おりる,"go down, climb down",direct,,412
下,"below, down",下ろす,おろす,"bring down, take down, withdraw (money)",direct,,413
下,"below, down",下り,くだり,"downhill, going down",direct,,414
下,"below, down",年下,としした,"junior, younger person",direct,,416
下,"below, down",下る,くだる,"go down, go downward",direct,,417
下,"below, down",下手,へた,not good at,figurative,below + hand → unskilled,436
下,"below, down",地下鉄,ちかてつ,subway,direct,,623
下,"below, down",下着,したぎ,underwear,direct,,885
下,"below, down",靴下,くつした,"socks, stockings",direct,,1744
下,"below, down",廊下,ろうか,"hallway, corridor",direct,,1747
右,right,右,みぎ,right,direct,,68
右,right,右手,みぎて,right hand,direct,,434
右,right,右側,みぎがわ,right side,direct,,1338
左,left,左,ひだり,left,direct,,69
左,left,左手,ひだりて,left hand,direct,,435
左,left,左側,ひだりがわ,left side,direct,,1337
方,"direction, person",方,ほう,"direction, side",direct,,70
方,"direction, person",一方,いっぽう,one way,direct,,418
方,"direction, person",方向,ほうこう,"direction, course",direct,,491
方,"direction, person",夕方,ゆうがた,evening,direct,,531
方,"direction, person",見方,みかた,"view, way of looking",direct,,537
方,"direction, person",言い方,いいかた,"way of speaking, expression",direct,,539
方,"direction, person",読み方,よみかた,"way to read, reading",direct,,543
方,"direction, person",書き方,かきかた,"how to write, way of writing",direct,,548
方,"direction, person",仕方,しかた,"way, method",direct,,560
方,"direction, person",方法,ほうほう,"way, method, procedure",direct,,796
方,"direction, person",両方,りょうほう,both,direct,,1330
方,"direction, person",方針,ほうしん,"course, policy",figurative,"direction + needle → like a compass needle → policy, course",1570
方,"direction, person",方,かた,person (polite),direct,,1817
人,person,大人,おとな,adult,direct,,71
人,person,人,ひと,person,direct,,72
人,person,一人,ひとり,"one, one person",direct,,73
人,person,ご主人,ごしゅじん,(your) husband,direct,,288
人,person,二人,ふたり,two persons,direct,,420
人,person,大人しい,おとなしい,"gentle, quiet, subdued",direct,,421
人,person,人々,ひとびと,people (polite),direct,,422
人,person,一人で,ひとりで,by oneself,direct,,423
人,person,外人,がいじん,"foreigner, alien (less polite)",direct,,424
人,person,人口,じんこう,population,direct,,430
人,person,人気,にんき,popularity,figurative,person + spirit → the collective attention toward someone → popularity,470
人,person,人間,にんげん,"human being, people",figurative,"person + interval/space → originally ""the human world/society"" → shifted to mean ""human"" itself",502
人,person,外国人,がいこくじん,foreigner (polite),direct,,613
人,person,個人,こじん,"individual, personal",direct,,789
人,person,人形,にんぎょう,doll,direct,,969
人,person,主人,しゅじん,"husband,&nbsp;the head of the house",direct,,1033
人,person,恋人,こいびと,"boyfriend/girlfriend, lover",direct,,1424
人,person,美人,びじん,beautiful woman,direct,,1506
人,person,人参,にんじん,carrot,direct,,1677
入,"enter, insert",入れる,いれる,put in,direct,,75
入,"enter, insert",入る,はいる,enter,direct,,76
入,"enter, insert",入り口,いりぐち,entrance,direct,,433
入,"enter, insert",気に入る,きにいる,"like, be pleased with",figurative,spirit + enter → something enters your spirit → come to like it,469
入,"enter, insert",入学,にゅうがく,"admission to a school, starting school",direct,,750
入,"enter, insert",押し入れ,おしいれ,closet,direct,,772
入,"enter, insert",入場券,にゅうじょうけん,entrance ticket,direct,,852
入,"enter, insert",入院,にゅういん,be hospitalized,direct,,1053
入,"enter, insert",輸入,ゆにゅう,import,direct,,1308
入,"enter, insert",導入,どうにゅう,"introduction, bringing in",direct,,1405
出,"exit, leave",出る,でる,"go out, leave",direct,,77
出,"exit, leave",出す,だす,"take out, turn in",direct,,78
出,"exit, leave",出口,でぐち,"exit, exit ramp",direct,,431
出,"exit, leave",思い出す,おもいだす,"recollect, recall",figurative,thought + comes out → a memory surfacing,687
出,"exit, leave",思い出,おもいで,"recollections, memory",figurative,"same logic as 思い出す → a memory that has ""come out""",688
出,"exit, leave",引き出し,ひきだし,"drawer, withdrawal",direct,,770
出,"exit, leave",貸し出す,かしだす,lend out<br>(used for businesses/banks),direct,,835
出,"exit, leave",出席,しゅっせき,"attendance, presence",direct,,893
出,"exit, leave",出発,しゅっぱつ,"departure, starting",direct,,934
出,"exit, leave",輸出,ゆしゅつ,export,direct,,1309
出,"exit, leave",出かける,でかける,"go out, be about to go out",direct,,1646
本,"book, present",本,ほん,"book, volume",direct,,79
本,"book, present",本当に,ほんとうに,"really, truly",direct,,227
本,"book, present",本屋,ほんや,"bookstore, bookseller",direct,,629
本,"book, present",本当,ほんとう,"truth, reality, genuine",direct,,793
本,"book, present",基本,きほん,"basis, foundation",direct,,1086
本,"book, present",本棚,ほんだな,bookshelf,direct,,1569
本,"book, present",本箱,ほんばこ,bookcase,direct,,1625
休,"rest, day off",休む,やすむ,"take a day off, take a break",direct,,80
休,"rest, day off",休日,きゅうじつ,"holiday, day off",direct,,426
休,"rest, day off",休み,やすみ,"rest, holiday, absence",direct,,427
休,"rest, day off",昼休み,ひるやすみ,"noon recess, lunch break",direct,,523
休,"rest, day off",夏休み,なつやすみ,summer vacation,direct,,664
休,"rest, day off",冬休み,ふゆやすみ,winter vacation,direct,,665
休,"rest, day off",休校,きゅうこう,temporary school closure,direct,,760
休,"rest, day off",休憩,きゅうけい,"<div>break (from work, study, etc.)</div>",direct,,1589
体,"body, substance",体,からだ,"body, health",direct,,81
体,"body, substance",全体,ぜんたい,"whole, total",direct,,602
体,"body, substance",具体的,ぐたいてき,"specific, concrete",figurative,"tool/equip + body → ""equipped with a body"" → concrete, specific",1084
目,"eye, class",目,め,eye,direct,,82
目,"eye, class",目覚まし時計,めざましどけい,alarm clock,direct,,820
目,"eye, class",目立つ,めだつ,"stand out, be conspicuous",figurative,eye + stand → catches the eye → stands out,890
目,"eye, class",真面目,まじめ,"serious, sober, earnest",direct,,963
目,"eye, class",目的,もくてき,"objective, purpose",figurative,"eye + -like/aim → the eye extended to ""aim"" → objective, purpose",1046
目,"eye, class",注目,ちゅうもく,"attention, notice",figurative,"pour + eye → pouring your gaze → attention, notice",1072
口,mouth,口,くち,mouth,direct,,84
口,mouth,人口,じんこう,population,direct,,430
口,mouth,出口,でぐち,"exit, exit ramp",direct,,431
口,mouth,入り口,いりぐち,entrance,direct,,433
口,mouth,早口,はやくち,fast talking,direct,,913
口,mouth,改札口,かいさつぐち,ticket barrier,figurative,"change + examine + mouth/opening → where tickets are ""checked"" → ticket barrier",1396
耳,ear,耳,みみ,"ear, hearing",direct,,85
手,hand,上手,じょうず,"skilled,&nbsp;good",figurative,above + hand → skilled,86
手,hand,手,て,hand,direct,,87
手,hand,お手洗い,おてあらい,bathroom (polite),direct,,308
手,hand,手伝う,てつだう,"help, assist",direct,,355
手,hand,右手,みぎて,right hand,direct,,434
手,hand,左手,ひだりて,left hand,direct,,435
手,hand,下手,へた,not good at,figurative,below + hand → unskilled,436
手,hand,空手,からて,"karate, empty hand",direct,,444
手,hand,手術,しゅじゅつ,surgical operation,direct,,814
手,hand,切手,きって,postage stamp,figurative,cut + hand → historically a cut receipt/token → postage stamp,847
手,hand,運転手,うんてんしゅ,driver,direct,,901
手,hand,手紙,てがみ,letter,figurative,"hand + paper → originally ""toilet paper"" in Chinese, shifted meaning in Japanese → letter",943
手,hand,歌手,かしゅ,singer,direct,,953
手,hand,相手,あいて,"opponent, partner",figurative,"mutual + hand → the ""hand"" you're paired with → the other party",1136
手,hand,選手,せんしゅ,player (in a game); team member,direct,,1158
手,hand,苦手,にがて,"weak point, (sb) hard to deal with",figurative,"bitter + hand → gives you a ""bitter hand"" → a weak point",1375
手,hand,手袋,てぶくろ,gloves,direct,,1626
手,hand,手帳,てちょう,"pocketbook, memo",direct,,1636
手,hand,拍手,はくしゅ,"applause, clapping",direct,,1650
手,hand,握手,あくしゅ,"handshake, handshaking",direct,,1656
足,"leg, foot",足,あし,"leg, foot",direct,,88
足,"leg, foot",足りる,たりる,"be enough, be sufficient",direct,,438
足,"leg, foot",足す,たす,"add, supplement<div>(the same kind of thing)</div>",direct,,439
足,"leg, foot",足し算,たしざん,addition,direct,,824
空,"empty, sky",空く,すく,"become empty, become less crowded",direct,,89
空,"empty, sky",空く,あく,become available or vacant,direct,,443
空,"empty, sky",空手,からて,"karate, empty hand",direct,,444
空,"empty, sky",空,そら,"sky, weather",direct,,445
空,"empty, sky",空気,くうき,"air, atmosphere",direct,,468
空,"empty, sky",航空便,こうくうびん,airmail,direct,,1104
空,"empty, sky",空港,くうこう,airport,direct,,1107
供,"submit, offer",子供,こども,"child, kid",direct,,90
供,"submit, offer",提供,ていきょう,"offer, provide",direct,,1129
子,"child, sign of the rat",子供,こども,"child, kid",direct,,90
子,"child, sign of the rat",息子,むすこ,son,direct,,281
子,"child, sign of the rat",子,こ,"child, kid",direct,,460
子,"child, sign of the rat",女の子,おんなのこ,"girl, baby girl",direct,,461
子,"child, sign of the rat",男の子,おとこのこ,"boy, baby boy",direct,,462
子,"child, sign of the rat",お菓子,おかし,"sweets, snacks",direct,,1616
子,"child, sign of the rat",帽子,ぼうし,hat,direct,,1692
子,"child, sign of the rat",茄子,なす,eggplant,direct,,1763
子,"child, sign of the rat",椅子,いす,chair,direct,,1764
好,"fond, pleasing",好き,すき,"favorite, liked",direct,,92
好,"fond, pleasing",大好き,だいすき,love,direct,,93
私,"private, i",私,わたし,I,direct,,94
私,"private, i",私たち,わたしたち,we,direct,,463
友,friend,友達,ともだち,"friend, companion",direct,,95
達,"accomplished, reach",友達,ともだち,"friend, companion",direct,,95
達,"accomplished, reach",達する,たっする,"attain, reach",direct,,464
達,"accomplished, reach",配達,はいたつ,delivery,direct,,724
達,"accomplished, reach",速達,そくたつ,express mail,direct,,915
家,"house, home",家,うち,"house, home, my family",direct,,96
家,"house, home",家,いえ,"house, home",direct,,465
家,"house, home",家内,かない,my wife,direct,,466
家,"house, home",家賃,やちん,rent (money),direct,,853
家,"house, home",家族,かぞく,"family, household",direct,,1007
家,"house, home",家庭,かてい,"home, family",direct,,1462
気,"spirit, mind",気,き,"spirit, temperament",direct,,97
気,"spirit, mind",元気,げんき,"healthy, energetic",figurative,"origin + spirit → one's original vitality → healthy, energetic",98
気,"spirit, mind",天気,てんき,weather,figurative,"heaven + spirit → the sky's ""mood"" → weather",99
気,"spirit, mind",気持ち,きもち,"feeling (about something, emotion)",figurative,"気 (spirit/energy) + 持つ (hold) → ""holding a feeling""",207
気,"spirit, mind",病気,びょうき,illness,figurative,sickness + spirit → an ailing spirit → illness,291
気,"spirit, mind",空気,くうき,"air, atmosphere",direct,,468
気,"spirit, mind",気に入る,きにいる,"like, be pleased with",figurative,spirit + enter → something enters your spirit → come to like it,469
気,"spirit, mind",人気,にんき,popularity,figurative,person + spirit → the collective attention toward someone → popularity,470
気,"spirit, mind",電気,でんき,"electricity, electric light",direct,,569
気,"spirit, mind",気温,きおん,atmospheric temperature,direct,,674
気,"spirit, mind",天気予報,てんきよほう,weather forecast,direct,,863
気,"spirit, mind",気を付ける,きをつける,"take care of, pay attention to",figurative,attach your spirit/attention (to something) → be careful,1361
元,"beginning, former time",元気,げんき,"healthy, energetic",figurative,"origin + spirit → one's original vitality → healthy, energetic",98
元,"beginning, former time",元旦,がんたん,New Year's Day,direct,,1750
天,"heavens, sky",天気,てんき,weather,figurative,"heaven + spirit → the sky's ""mood"" → weather",99
天,"heavens, sky",天気予報,てんきよほう,weather forecast,direct,,863
天,"heavens, sky",天井,てんじょう,ceiling,figurative,heaven + well → possibly referencing a well-frame-like coffered ceiling shape → ceiling,1590
晴,clear up,晴れる,はれる,"be sunny, clear up",direct,,100
晴,clear up,晴れ,はれ,"fine weather, clear sky",direct,,476
晴,clear up,素晴らしい,すばらしい,"splendid, excellent",figurative,"plain/element + clear-ish → doesn't map directly → wonderful, splendid",1460
昨,"yesterday, previous",昨日,きのう,yesterday,direct,,102
昨,"yesterday, previous",昨年,さくねん,last year (polite),direct,,482
昨,"yesterday, previous",一昨年,おととし,the year before last,direct,,484
昨,"yesterday, previous",一昨日,おととい,day before yesterday,direct,,485
昨,"yesterday, previous",昨夜,ゆうべ,"last night, last evening",direct,,529
開,"open, unfold",開ける,あける,"open, unlock",direct,,103
開,"open, unfold",開く,ひらく,open を/が,direct,,104
開,"open, unfold",開く,あく,open が,direct,,496
開,"open, unfold",開始,かいし,beginning,direct,,917
開,"open, unfold",開発,かいはつ,development,direct,,930
開,"open, unfold",公開,こうかい,opening (to the public),direct,,1096
開,"open, unfold",開催,かいさい,"holding (of an event), opening",direct,,1510
閉,"closed, shut",閉じる,とじる,"close (book, eyes, etc.)",direct,,105
閉,"closed, shut",閉める,しめる,"shut, close",direct,,106
閉,"closed, shut",閉まる,しまる,"be shut, be closed",direct,,107
聞,"hear, ask",聞く,きく,"hear, ask",direct,,108
聞,"hear, ask",聞こえる,きこえる,"be heard, be audible",direct,,497
聞,"hear, ask",新聞,しんぶん,newspaper,direct,,682
間,"interval, space",時間,じかん,"time, hour",direct,,109
間,"interval, space",年間,ねんかん,period of one year,direct,,499
間,"interval, space",この間,このあいだ,"the other day, recently",direct,,500
間,"interval, space",間,あいだ,"interval, space between",direct,,501
間,"interval, space",人間,にんげん,"human being, people",figurative,"person + interval/space → originally ""the human world/society"" → shifted to mean ""human"" itself",502
間,"interval, space",昼間,ひるま,"daytime, day",direct,,525
間,"interval, space",間に合う,まにあう,"be in time, serve (my) purpose<br>なくても〜 do without",direct,,556
間,"interval, space",期間,きかん,period (of time),direct,,839
間,"interval, space",間違い,まちがい,"mistake, error",direct,,987
間,"interval, space",間違える,まちがえる,"make a mistake (in something), confuse (を)",direct,,988
間,"interval, space",間違う,まちがう,"be mistaken, be incorrect",direct,,989
高,"tall, high",高い,たかい,"high, tall",direct,,110
高,"tall, high",高校生,こうこうせい,high school student,direct,,215
高,"tall, high",高さ,たかさ,height,direct,,504
高,"tall, high",高校,こうこう,high school,direct,,755
高,"tall, high",高等学校,こうとうがっこう,senior high school,direct,,1051
安,"relax, cheap",安い,やすい,"inexpensive, cheap",direct,,112
安,"relax, cheap",安全,あんぜん,"safety, security",direct,,604
安,"relax, cheap",安心,あんしん,"peace of mind, relief",direct,,686
低,"lower, short",低い,ひくい,"low, short",direct,,113
前,"in front, before",前,まえ,"front, before",direct,,114
前,"in front, before",午前,ごぜん,"morning, a.m.",direct,,118
前,"in front, before",名前,なまえ,name,direct,,197
前,"in front, before",昼前,ひるまえ,"in the morning, before noon",direct,,524
後,"behind, back",後,あと,after,direct,,115
後,"behind, back",後ろ,うしろ,"back, behind",direct,,116
後,"behind, back",午後,ごご,"afternoon, p.m.",direct,,117
後,"behind, back",今後,こんご,"after this, in the future (formal)",direct,,509
後,"behind, back",後[のち],のち,"after, afterwards (formal)",direct,,510
後,"behind, back",最後,さいご,"last, final",direct,,511
後,"behind, back",明後日,あさって,day after tomorrow,direct,,513
午,"noon, sign of the horse",午後,ごご,"afternoon, p.m.",direct,,117
午,"noon, sign of the horse",午前,ごぜん,"morning, a.m.",direct,,118
朝,"morning, dynasty",朝,あさ,morning,direct,,119
朝,"morning, dynasty",毎朝,まいあさ,every morning,direct,,520
朝,"morning, dynasty",今朝,けさ,this morning,direct,,521
朝,"morning, dynasty",朝食,ちょうしょく,breakfast (formal),direct,,534
朝,"morning, dynasty",朝ご飯,あさごはん,breakfast,direct,,715
朝,"morning, dynasty",朝刊,ちょうかん,morning edition,direct,,1343
昼,"daytime, noon",昼,ひる,"daytime, midday, lunch",direct,,120
昼,"daytime, noon",昼休み,ひるやすみ,"noon recess, lunch break",direct,,523
昼,"daytime, noon",昼前,ひるまえ,"in the morning, before noon",direct,,524
昼,"daytime, noon",昼間,ひるま,"daytime, day",direct,,525
昼,"daytime, noon",昼食,ちゅうしょく,lunch (formal),direct,,533
昼,"daytime, noon",昼過ぎ,ひるすぎ,just past noon,direct,,927
昼,"daytime, noon",昼寝,ひるね,nap,direct,,1325
晩,"nightfall, night",晩,ばん,evening (usually from sunset to bedtime),direct,,122
晩,"nightfall, night",今晩,こんばん,"this evening, tonight",direct,,123
晩,"nightfall, night",毎晩,まいばん,every evening,direct,,526
夜,"night, evening",夜,よる,night (from sunset to sunrise),direct,,124
夜,"night, evening",今夜,こんや,"tonight, this evening",direct,,528
夜,"night, evening",昨夜,ゆうべ,"last night, last evening",direct,,529
夜,"night, evening",夜中,よなか,"midnight, dead of night",direct,,530
食,"eat, food",食べる,たべる,eat,direct,,125
食,"eat, food",食べ物,たべもの,food,direct,,198
食,"eat, food",昼食,ちゅうしょく,lunch (formal),direct,,533
食,"eat, food",朝食,ちょうしょく,breakfast (formal),direct,,534
食,"eat, food",夕食,ゆうしょく,supper (polite),direct,,535
食,"eat, food",食事,しょくじ,"meal, dinner (formal)",direct,,562
食,"eat, food",食堂,しょくどう,"dining hall, restaurant",direct,,1708
飲,"drink, smoke",飲む,のむ,drink,direct,,126
飲,"drink, smoke",飲み物,のみもの,"beverage, drink",direct,,200
飯,"meal, boiled rice",ご飯,ごはん,"cooked rice, meal",direct,,127
飯,"meal, boiled rice",夕飯,ゆうはん,"evening meal, supper (かたい)",direct,,536
飯,"meal, boiled rice",朝ご飯,あさごはん,breakfast,direct,,715
買,buy,買う,かう,buy,direct,,128
買,buy,買い物,かいもの,"shopping, purchase",direct,,716
見,"see, hopes",見る,みる,"see, look at",direct,,129
見,"see, hopes",見せる,みせる,show,direct,,130
見,"see, hopes",見つける,みつける,find (something),direct,,132
見,"see, hopes",見える,みえる,be visible,direct,,133
見,"see, hopes",見つかる,みつかる,"be found, be caught",direct,,134
見,"see, hopes",見方,みかた,"view, way of looking",direct,,537
見,"see, hopes",花見,はなみ,cherry blossom viewing,direct,,538
見,"see, hopes",見物,けんぶつ,"sightseeing, looking around",direct,,719
見,"see, hopes",見送る,みおくる,see (someone) off,direct,,726
見,"see, hopes",見送り,みおくり,seeing someone off,direct,,727
見,"see, hopes",見学,けんがく,field trip,direct,,753
見,"see, hopes",発見,はっけん,"discovery, revelation",direct,,933
見,"see, hopes",意見,いけん,opinion,direct,,1075
言,"say, word",言う,いう,"say, tell",direct,,135
言,"say, word",言葉,ことば,"word, language",direct,,343
言,"say, word",言い方,いいかた,"way of speaking, expression",direct,,539
言,"say, word",言語,げんご,"language, speech",direct,,545
言,"say, word",発言,はつげん,"statement, remark",direct,,932
話,"tale, talk",話す,はなす,"speak, tell",direct,,136
話,"tale, talk",話,はなし,"talk, story",direct,,540
話,"tale, talk",会話,かいわ,conversation,direct,,553
話,"tale, talk",話し合う,はなしあう,"discuss, talk about",direct,,554
話,"tale, talk",電話,でんわ,"telephone, phone call",direct,,568
話,"tale, talk",電話帳,でんわちょう,telephone book,direct,,1637
読,read,読む,よむ,read,direct,,137
読,read,読み,よみ,"reading, judgment, foresight",direct,,542
読,read,読み方,よみかた,"way to read, reading",direct,,543
字,"character, letter",漢字,かんじ,Chinese character,direct,,138
字,"character, letter",文字,もじ,"character, letter",direct,,546
字,"character, letter",字,じ,"character, letter, handwriting",direct,,547
字,"character, letter",名字,みょうじ,"surname, family name",direct,,709
字,"character, letter",数字,すうじ,"figure, numeral",direct,,783
字,"character, letter",ローマ字,ろーまじ,Roman alphabet,direct,,1828
漢,"sino-, china",漢字,かんじ,Chinese character,direct,,138
書,write,書く,かく,write,direct,,139
書,write,書き直す,かきなおす,rewrite,direct,,257
書,write,図書館,としょかん,library,direct,,263
書,write,書き方,かきかた,"how to write, way of writing",direct,,548
書,write,書き取る,かきとる,"write down, note down",direct,,731
書,write,図書室,としょしつ,library room,direct,,1002
書,write,教科書,きょうかしょ,"textbook, schoolbook",direct,,1061
書,write,辞書,じしょ,dictionary,direct,,1176
書,write,横書き,よこがき,horizontal writing,direct,,1295
書,write,書留,かきとめ,registered mail,direct,,1317
書,write,絵葉書,えはがき,picture postcard,direct,,1476
覚,"memorize, learn",覚える,おぼえる,"memorize, learn",direct,,140
覚,"memorize, learn",覚める,さめる,"awake, wake up (目が)",direct,,549
覚,"memorize, learn",覚ます,さます,"awaken, wake up 目を",direct,,550
覚,"memorize, learn",目覚まし時計,めざましどけい,alarm clock,direct,,820
会,"meeting, meet",会う,あう,meet,direct,,142
会,"meeting, meet",大会,たいかい,"mass meeting, tournament",direct,,551
会,"meeting, meet",会話,かいわ,conversation,direct,,553
会,"meeting, meet",会社,かいしゃ,"company, corporation",direct,,557
会,"meeting, meet",社会,しゃかい,society,direct,,558
会,"meeting, meet",会長,かいちょう,"chairman, president",direct,,596
会,"meeting, meet",国会,こっかい,"National Diet, parliament",direct,,611
会,"meeting, meet",教会,きょうかい,church,direct,,761
会,"meeting, meet",会議,かいぎ,"conference, meeting",direct,,1035
会,"meeting, meet",会談,かいだん,"conference, talk",direct,,1137
仕,"attend, doing",仕事,しごと,"work, job",direct,,143
仕,"attend, doing",仕方,しかた,"way, method",direct,,560
仕,"attend, doing",仕舞う,しまう,put away,direct,,1700
事,"matter, thing",仕事,しごと,"work, job",direct,,143
事,"matter, thing",食事,しょくじ,"meal, dinner (formal)",direct,,562
事,"matter, thing",火事,かじ,fire (emergency),direct,,563
事,"matter, thing",大事,だいじ,important (thing),direct,,564
事,"matter, thing",事故,じこ,"accident, incident",direct,,565
事,"matter, thing",工事,こうじ,construction work,direct,,566
事,"matter, thing",交通事故,こうつうじこ,traffic accident,direct,,575
事,"matter, thing",用事,ようじ,"things to do, errand, business",direct,,645
事,"matter, thing",事情,じじょう,"circumstances, conditions",figurative,"matter + emotion/circumstance → the ""feel"" of a situation → circumstances",678
事,"matter, thing",返事,へんじ,"answer, reply",direct,,832
事,"matter, thing",事実,じじつ,"fact, truth",direct,,922
事,"matter, thing",事務所,じむしょ,"office, one's place of business",direct,,1179
事,"matter, thing",事務室,じむしつ,office,direct,,1180
事,"matter, thing",事件,じけん,"event, incident, case",direct,,1192
場,"location, place",場合,ばあい,"situation, case",figurative,"place + fit/join → doesn't map directly → situation, case",144
場,"location, place",工場,こうじょう,"factory, plant",direct,,567
場,"location, place",売り場,うりば,"sales floor, department",direct,,650
場,"location, place",場所,ばしょ,"place, space",direct,,702
場,"location, place",入場券,にゅうじょうけん,entrance ticket,direct,,852
場,"location, place",立場,たちば,"standpoint, position",figurative,"stand + place → an abstract ""standing place"" → position, standpoint",889
場,"location, place",飛行場,ひこうじょう,"airport, airfield",direct,,1103
場,"location, place",駐車場,ちゅうしゃじょう,parking area,direct,,1527
合,"fit, suit",場合,ばあい,"situation, case",figurative,"place + fit/join → doesn't map directly → situation, case",144
合,"fit, suit",話し合う,はなしあう,"discuss, talk about",direct,,554
合,"fit, suit",合う,あう,fit,direct,,555
合,"fit, suit",間に合う,まにあう,"be in time, serve (my) purpose<br>なくても〜 do without",direct,,556
合,"fit, suit",合格,ごうかく,"passing an examination, eligibility",direct,,663
合,"fit, suit",都合,つごう,circumstances,figurative,"capital/all + fit/join → doesn't map directly → circumstances, convenience",714
合,"fit, suit",結合,けつごう,"combination, joining",direct,,1015
車,car,車,くるま,"car, automobile",direct,,145
車,car,電車,でんしゃ,train,direct,,146
車,car,自転車,じてんしゃ,bicycle,direct,,286
車,car,車,くるま,car,direct,,570
車,car,車道,しゃどう,"road, roadway (for vehicles)",direct,,577
車,car,発車,はっしゃ,"depart, leave (for vehicles)",direct,,935
車,car,自動車,じどうしゃ,automobile,direct,,1021
車,car,救急車,きゅうきゅうしゃ,ambulance,direct,,1215
車,car,停車,ていしゃ,"a stop (train), stopping",direct,,1288
車,car,駐車場,ちゅうしゃじょう,parking area,direct,,1527
車,car,消防車,しょうぼうしゃ,fire truck,direct,,1552
電,electricity,電車,でんしゃ,train,direct,,146
電,electricity,電話,でんわ,"telephone, phone call",direct,,568
電,electricity,電気,でんき,"electricity, electric light",direct,,569
電,electricity,電池,でんち,"electric cell, battery",direct,,1231
電,electricity,電話帳,でんわちょう,telephone book,direct,,1637
駅,station,駅,えき,railway station,direct,,147
駅,station,駅員,えきいん,station attendant,direct,,571
道,"road-way, street",道,みち,"way, road, street",direct,,148
道,"road-way, street",水道,すいどう,"tap water, water supply",direct,,576
道,"road-way, street",車道,しゃどう,"road, roadway (for vehicles)",direct,,577
道,"road-way, street",道路,どうろ,"road, street",direct,,579
道,"road-way, street",歩道,ほどう,"sidewalk, footpath",direct,,585
道,"road-way, street",横断歩道,おうだんほどう,crosswalk,direct,,1298
道,"road-way, street",片道,かたみち,one-way,direct,,1333
道,"road-way, street",柔道,じゅうどう,judo,direct,,1538
他,"other, another",他,ほか,other,direct,,149
他,"other, another",他,た,"others, other things",direct,,1834
止,"stop, halt",止める,やめる,"stop, give up, abolish",direct,,150
止,"stop, halt",止める,とめる,"stop (sth), turn off",direct,,582
止,"stop, halt",止まる,とまる,"come to a stop, cease",direct,,583
止,"stop, halt",止む,やむ,"<!--anki-->cease, stop,&nbsp;let up",direct,,584
歩,"walk, counter for steps",歩く,あるく,"walk, go on foot",direct,,152
歩,"walk, counter for steps",歩道,ほどう,"sidewalk, footpath",direct,,585
歩,"walk, counter for steps",横断歩道,おうだんほどう,crosswalk,direct,,1298
歩,"walk, counter for steps",散歩,さんぽ,"walk, stroll",direct,,1467
走,run,走る,はしる,run,direct,,153
近,"near, early",近く,ちかく,"near, close to",direct,,154
近,"near, early",近い,ちかい,"near, close",direct,,155
近,"near, early",近く,ちかく,"vicinity, nearby",direct,,156
近,"near, early",最近,さいきん,"lately, recent",direct,,593
近,"near, early",近所,きんじょ,neighborhood,direct,,703
近,"near, early",近付く,ちかづく,"approach, get acquainted",direct,,1359
遠,"distant, far",遠い,とおい,"far, distant",direct,,157
遠,"distant, far",遠く,とおく,great distance,direct,,594
遠,"distant, far",遠慮,えんりょ,"reserve, hesitation, forethought",figurative,"distant + consider → thinking from a distance → restraint, reserve",1732
長,"long, leader",長い,ながい,long,direct,,158
長,"long, leader",社長,しゃちょう,president (of a company),direct,,595
長,"long, leader",会長,かいちょう,"chairman, president",direct,,596
長,"long, leader",長さ,ながさ,length,direct,,597
長,"long, leader",長男,ちょうなん,eldest son,direct,,598
長,"long, leader",長女,ちょうじょ,eldest daughter,direct,,599
長,"long, leader",校長,こうちょう,principal,direct,,758
長,"long, leader",長袖,ながそで,clothes with long sleeves,direct,,1752
短,"short, brevity",短い,みじかい,"short, brief",direct,,159
広,"wide, broad",広い,ひろい,"wide, big",direct,,160
広,"wide, broad",広がる,ひろがる,"spread out, reach が",direct,,600
広,"wide, broad",広さ,ひろさ,"area, extent",direct,,601
全,"whole, entire",全部,ぜんぶ,"all, wholly",direct,,162
全,"whole, entire",全体,ぜんたい,"whole, total",direct,,602
全,"whole, entire",全く,まったく,"entirely, truly, indeed",direct,,603
全,"whole, entire",安全,あんぜん,"safety, security",direct,,604
全,"whole, entire",全国,ぜんこく,the whole country,direct,,609
全,"whole, entire",全然,ぜんぜん,"(not) at all, totally (not)",direct,,795
部,"section, bureau",全部,ぜんぶ,"all, wholly",direct,,162
部,"section, bureau",部屋,へや,room,direct,,166
部,"section, bureau",一部,いちぶ,part,direct,,605
部,"section, bureau",部分,ぶぶん,"part, section",direct,,606
国,country,国,くに,country,direct,,163
国,country,国内,こくない,"domestic, internal",direct,,607
国,country,全国,ぜんこく,the whole country,direct,,609
国,country,外国,がいこく,foreign country,direct,,610
国,country,国会,こっかい,"National Diet, parliament",direct,,611
国,country,帰国,きこく,return to one's country,direct,,612
国,country,外国人,がいこくじん,foreigner (polite),direct,,613
国,country,外国語,がいこくご,foreign language,direct,,614
国,country,各国,かっこく,every country,direct,,711
国,country,国際,こくさい,international,direct,,1101
国,country,諸国,しょこく,various countries,direct,,1305
国,country,国籍,こくせき,"citizenship, nationality",direct,,1421
白,white,白い,しろい,"white, blank (for paper)",direct,,164
白,white,面白い,おもしろい,"interesting, amusing",figurative,face + white → a face brightened (by delight) → interesting,958
白,white,真っ白,まっしろ,pure-white,direct,,964
白,white,白,しろ,white,direct,,1840
赤,red,赤い,あかい,red,direct,,165
赤,red,赤ちゃん,あかちゃん,baby,direct,,618
赤,red,赤,あか,red,direct,,619
赤,red,真っ赤,まっか,deep red,direct,,962
屋,"roof, house",部屋,へや,room,direct,,166
屋,"roof, house",本屋,ほんや,"bookstore, bookseller",direct,,629
屋,"roof, house",八百屋,やおや,"vegetable store, greengrocer",direct,,630
屋,"roof, house",そば屋,そばや,soba restaurant,direct,,631
屋,"roof, house",たばこ屋,たばこや,"cigarette shop, tobacco store",direct,,632
屋,"roof, house",郵便屋さん,ゆうびんやさん,mailman,direct,,697
屋,"roof, house",不動産屋,ふどうさんや,"real estate agent, realtor",figurative,不動 (un-moving) property + shop,911
屋,"roof, house",屋根,やね,roof,direct,,1470
屋,"roof, house",床屋,とこや,"barber, barbershop",direct,,1687
屋,"roof, house",風呂屋,ふろや,"bathhouse, public bath",direct,,1721
米,"rice, usa",米,こめ,rice (grain),direct,,167
作,"make, production",作る,つくる,"make, create",direct,,170
作,"make, production",作文,さくぶん,"composition, essay",direct,,643
作,"make, production",作品,さくひん,"work of art, piece",direct,,654
作,"make, production",作業,さぎょう,"work, operation",direct,,807
使,"use, send on a mission",使う,つかう,use,direct,,171
使,"use, send on a mission",大使館,たいしかん,embassy,direct,,994
消,"extinguish, blow out",消す,けす,"erase, turn off",direct,,172
消,"extinguish, blow out",消える,きえる,"be extinguished, disappear",direct,,647
消,"extinguish, blow out",消しゴム,けしごむ,(rubber) eraser,direct,,648
消,"extinguish, blow out",消防車,しょうぼうしゃ,fire truck,direct,,1552
消,"extinguish, blow out",消防署,しょうぼうしょ,fire station,direct,,1679
売,sell,売る,うる,sell を,direct,,173
売,sell,売れる,うれる,"be sold, be in demand",direct,,649
売,sell,売り場,うりば,"sales floor, department",direct,,650
売,sell,売店,ばいてん,"kiosk, store",direct,,652
売,sell,販売,はんばい,"sale, selling",direct,,655
売,sell,売り切れる,うりきれる,"be sold out, go out of stock",direct,,848
売,sell,売り切れ,うりきれ,sold out,direct,,849
店,"store, shop",店,みせ,"shop, store",direct,,174
店,"store, shop",店員,てんいん,"clerk, salesperson",direct,,651
店,"store, shop",売店,ばいてん,"kiosk, store",direct,,652
店,"store, shop",喫茶店,きっさてん,"coffee shop, tea house, café",direct,,1585
春,"springtime, spring (season)",春,はる,spring,direct,,175
夏,summer,夏,なつ,summer,direct,,176
夏,summer,夏休み,なつやすみ,summer vacation,direct,,664
秋,autumn,秋,あき,"autumn, fall",direct,,177
冬,winter,冬,ふゆ,winter,direct,,178
冬,winter,冬休み,ふゆやすみ,winter vacation,direct,,665
暑,"sultry, hot",暑い,あつい,hot (temperature of the air),direct,,180
暑,"sultry, hot",暑さ,あつさ,"heat, summer heat",direct,,667
熱,"heat, temperature",熱い,あつい,"hot (things, touch)",direct,,181
熱,"heat, temperature",熱,ねつ,"fever, heat",direct,,668
寒,cold,寒い,さむい,cold (temperature of the air),direct,,182
寒,cold,寒さ,さむさ,"coldness, cold",direct,,669
暖,warmth,暖かい,あたたかい,warm,direct,,183
暖,warmth,暖める,あたためる,"warm up (something), heat up を",direct,,671
暖,warmth,暖まる,あたたまる, get warm が,direct,,672
暖,warmth,暖房,だんぼう,heating,direct,,1303
新,new,新しい,あたらしい,new,direct,,184
新,new,新聞,しんぶん,newspaper,direct,,682
新,new,新年,しんねん,New Year,direct,,683
新,new,新幹線,しんかんせん,"Shinkansen, Bullet Train",direct,,1459
古,old,古い,ふるい,old,direct,,185
良,"good, pleasing",良い,いい,good,direct,,186
良,"good, pleasing",良い,よい,good,direct,,684
悪,"bad, vice",悪い,わるい,bad,direct,,187
思,think,思う,おもう,think,direct,,188
思,think,思い出す,おもいだす,"recollect, recall",figurative,thought + comes out → a memory surfacing,687
思,think,思い出,おもいで,"recollections, memory",figurative,"same logic as 思い出す → a memory that has ""come out""",688
忘,forget,忘れる,わすれる,"forget, leave behind",direct,,190
忘,forget,忘れ物,わすれもの,"something left behind, lost item",direct,,721
考,"consider, think over",考える,かんがえる,"think, consider",direct,,191
考,"consider, think over",考え,かんがえ,"thought, view, idea",direct,,689
決,"decide, fix",決める,きめる,"decide, agree upon",direct,,192
決,"decide, fix",決まる,きまる,be decided,direct,,193
決,"decide, fix",解決,かいけつ,"solution, settlement",direct,,690
決,"decide, fix",決定,けってい,decision,direct,,858
知,"know, wisdom",知る,しる,"&nbsp;(get to) know, realize",direct,,194
知,"know, wisdom",知らせる,しらせる,"let know, inform",direct,,691
番,"turn, number in a series",一番,いちばん,most,direct,,195
番,"turn, number in a series",交番,こうばん,police box,direct,,699
番,"turn, number in a series",番地,ばんち,"house number, address",direct,,700
番,"turn, number in a series",番号,ばんごう,number,direct,,701
番,"turn, number in a series",番組,ばんぐみ,"program (TV, radio)",figurative,turn/number + group/set → doesn't map directly → (TV/radio) program,1166
住,"dwell, reside",住む,すむ,"live, reside",direct,,196
住,"dwell, reside",住所,じゅうしょ,"address, one's dwelling",direct,,705
住,"dwell, reside",住民,じゅうみん,"residents, inhabitants",direct,,1032
住,"dwell, reside",住宅,じゅうたく,"housing, residence",direct,,1321
名,"name, noted",名前,なまえ,name,direct,,197
名,"name, noted",片仮名,かたかな,katakana,direct,,349
名,"name, noted",平仮名,ひらがな,hiragana,direct,,350
名,"name, noted",有名,ゆうめい,famous,direct,,707
名,"name, noted",名字,みょうじ,"surname, family name",direct,,709
名,"name, noted",氏名,しめい,full name,direct,,710
名,"name, noted",仮名,かな,"kana, Japanese syllabary",direct,,1500
名,"name, noted",送り仮名,おくりがな,kana suffix,direct,,1501
物,"thing, object",食べ物,たべもの,food,direct,,198
物,"thing, object",飲み物,のみもの,"beverage, drink",direct,,200
物,"thing, object",買い物,かいもの,"shopping, purchase",direct,,716
物,"thing, object",荷物,にもつ,"baggage, package",direct,,717
物,"thing, object",品物,しなもの,"article, thing",direct,,718
物,"thing, object",見物,けんぶつ,"sightseeing, looking around",direct,,719
物,"thing, object",物,もの,"thing, object",direct,,720
物,"thing, object",忘れ物,わすれもの,"something left behind, lost item",direct,,721
物,"thing, object",乗り物,のりもの,"vehicle, means of transportation",direct,,879
物,"thing, object",着物,きもの,"kimono, clothes",direct,,884
物,"thing, object",動物,どうぶつ,animal,direct,,909
物,"thing, object",果物,くだもの,fruit,direct,,1017
物,"thing, object",動物園,どうぶつえん,zoo,direct,,1099
物,"thing, object",建物,たてもの,"building, structure",direct,,1279
物,"thing, object",贈り物,おくりもの,"present, gift (和語)",direct,,1444
物,"thing, object",博物館,はくぶつかん,museum,direct,,1509
重,"heavy, important",重い,おもい,"heavy, serious (illness)",direct,,201
重,"heavy, important",重さ,おもさ,weight,direct,,722
重,"heavy, important",重要,じゅうよう,"important, essential",direct,,818
軽,"lightly, trifling",軽い,かるい,"light, light weight",direct,,202
送,"escort, send",送る,おくる,send,direct,,203
送,"escort, send",見送る,みおくる,see (someone) off,direct,,726
送,"escort, send",見送り,みおくり,seeing someone off,direct,,727
送,"escort, send",放送,ほうそう,broadcasting,direct,,1498
送,"escort, send",送り仮名,おくりがな,kana suffix,direct,,1501
取,"take, fetch",取る,とる,"take, get",direct,,204
取,"take, fetch",受け取る,うけとる,"get (st from so), receive<div>take (as in take as an insult)</div>",direct,,729
取,"take, fetch",取れる,とれる,"come off, be removed",direct,,730
取,"take, fetch",書き取る,かきとる,"write down, note down",direct,,731
取,"take, fetch",取引,とりひき,"transaction, dealings",direct,,768
待,"wait, depend on",待つ,まつ,"wait, wait for",direct,,205
待,"wait, depend on",期待,きたい,"expectation, anticipation",direct,,837
待,"wait, depend on",招待,しょうたい,invitation,direct,,1413
持,"hold, have",持つ,もつ,"have, possess",direct,,206
持,"hold, have",気持ち,きもち,"feeling (about something, emotion)",figurative,"気 (spirit/energy) + 持つ (hold) → ""holding a feeling""",207
持,"hold, have",持つ,もつ,"last long, keep well",direct,,734
持,"hold, have",金持ち,かねもち,wealthy person,direct,,735
持,"hold, have",持って行く,もっていく,take (somewhere),direct,,736
持,"hold, have",持って来る,もってくる,bring (something),direct,,738
生,"life, genuine",生きる,いきる,live (one's life),direct,,208
生,"life, genuine",先生,せんせい,teacher (respectful title),direct,,210
生,"life, genuine",学生,がくせい,student,direct,,212
生,"life, genuine",大学生,だいがくせい,university student,direct,,213
生,"life, genuine",高校生,こうこうせい,high school student,direct,,215
生,"life, genuine",留学生,りゅうがくせい,student studying abroad,direct,,322
生,"life, genuine",なる (生る),なる,"produce fruit, grow (on a tree)",direct,,373
生,"life, genuine",生まれる,うまれる,"be born, come into existence",direct,,741
生,"life, genuine",生む,うむ,give birth,direct,,742
生,"life, genuine",生産,せいさん,production,direct,,744
生,"life, genuine",生活,せいかつ,"life, living",direct,,747
生,"life, genuine",生徒,せいと,"pupil, student",direct,,748
生,"life, genuine",中学生,ちゅうがくせい,middle school sudent,direct,,751
生,"life, genuine",小学生,しょうがくせい,elementary school student,direct,,752
生,"life, genuine",発生,はっせい,"occurrence, happening",direct,,931
生,"life, genuine",誕生日,たんじょうび,birthday,direct,,1425
生,"life, genuine",一生懸命,いっしょうけんめい,"as hard as one can, with all one's might",figurative,one life + risking → as if risking one's whole life → with all one's might,1588
学,"study, learning",大学,だいがく,"university, college",direct,,211
学,"study, learning",学生,がくせい,student,direct,,212
学,"study, learning",大学生,だいがくせい,university student,direct,,213
学,"study, learning",学校,がっこう,school,direct,,214
学,"study, learning",留学生,りゅうがくせい,student studying abroad,direct,,322
学,"study, learning",中学,ちゅうがく,middle school (abbrev.),direct,,749
学,"study, learning",入学,にゅうがく,"admission to a school, starting school",direct,,750
学,"study, learning",中学生,ちゅうがくせい,middle school sudent,direct,,751
学,"study, learning",小学生,しょうがくせい,elementary school student,direct,,752
学,"study, learning",見学,けんがく,field trip,direct,,753
学,"study, learning",通学,つうがく,going to school,direct,,754
学,"study, learning",小学校,しょうがっこう,elementary school,direct,,756
学,"study, learning",中学校,ちゅうがっこう,middle school,direct,,757
学,"study, learning",数学,すうがく,mathematics,direct,,784
学,"study, learning",高等学校,こうとうがっこう,senior high school,direct,,1051
学,"study, learning",大学院,だいがくいん,graduate school,direct,,1054
学,"study, learning",科学,かがく,science,direct,,1060
学,"study, learning",進学,しんがく,entering the next level of school,direct,,1171
学,"study, learning",留学,りゅうがく,studying abroad,direct,,1315
校,"exam, school",学校,がっこう,school,direct,,214
校,"exam, school",高校生,こうこうせい,high school student,direct,,215
校,"exam, school",高校,こうこう,high school,direct,,755
校,"exam, school",小学校,しょうがっこう,elementary school,direct,,756
校,"exam, school",中学校,ちゅうがっこう,middle school,direct,,757
校,"exam, school",校長,こうちょう,principal,direct,,758
校,"exam, school",休校,きゅうこう,temporary school closure,direct,,760
校,"exam, school",高等学校,こうとうがっこう,senior high school,direct,,1051
教,"teach, faith",教える,おしえる,"teach, tell",direct,,216
教,"teach, faith",教会,きょうかい,church,direct,,761
教,"teach, faith",教育,きょういく,education,direct,,762
教,"teach, faith",教室,きょうしつ,"classroom, class",direct,,1001
教,"teach, faith",教科書,きょうかしょ,"textbook, schoolbook",direct,,1061
教,"teach, faith",教師,きょうし,"teacher, instructor",direct,,1515
教,"teach, faith",教授,きょうじゅ,professor,direct,,1516
勉,"exertion, endeavour",勉強,べんきょう,study,direct,,217
強,strong,勉強,べんきょう,study,direct,,217
強,strong,強い,つよい,strong,direct,,218
強,strong,強さ,つよさ,"strength, power",direct,,767
強,strong,強化,きょうか,strengthening,direct,,873
強,strong,強調,きょうちょう,"emphasis, stress",direct,,1126
弱,"weak, frail",弱い,よわい,weak,direct,,220
引,"pull, tug",引く,ひく,"pull, draw",direct,,221
引,"pull, tug",取引,とりひき,"transaction, dealings",direct,,768
引,"pull, tug",引き出し,ひきだし,"drawer, withdrawal",direct,,770
引,"pull, tug",引き算,ひきざん,subtraction,direct,,823
引,"pull, tug",引っ越す,ひっこす,move (houses),direct,,1391
引,"pull, tug",引っ越し,ひっこし,moving (houses),direct,,1393
引,"pull, tug",引っ張る,ひっぱる,"pull, drag",direct,,1542
問,"question, ask",質問,しつもん,question,direct,,222
問,"question, ask",問題,もんだい,"problem, question",direct,,780
質,"substance, quality",質問,しつもん,question,direct,,222
難,"difficult, impossible",難しい,むずかしい,difficult,direct,,223
数,"number, strength",数,かず,(the) number,direct,,224
数,"number, strength",数字,すうじ,"figure, numeral",direct,,783
数,"number, strength",数学,すうがく,mathematics,direct,,784
数,"number, strength",数える,かぞえる,to count,direct,,785
勝,"victory, win",勝つ,かつ,win,direct,,225
負,"defeat, negative",負ける,まける,"lose, be defeated",direct,,226
当,"hit, right",本当に,ほんとうに,"really, truly",direct,,227
当,"hit, right",担当,たんとう,in charge (of something),direct,,790
当,"hit, right",当たる,あたる,"hit, strike",direct,,791
当,"hit, right",当時,とうじ,at that time,direct,,792
当,"hit, right",本当,ほんとう,"truth, reality, genuine",direct,,793
当,"hit, right",当然,とうぜん,"naturally, of course",direct,,794
当,"hit, right",弁当,べんとう,"box lunch, picnic lunch",figurative,"弁 core meaning ""valve/discern/speech"" doesn't map to ""lunch box"" without the older sense of ""convenient""",1433
当,"hit, right",突き当たる,つきあたる,"come to the end of (street), run into (st)",direct,,1543
当,"hit, right",突き当たり,つきあたり,end of a street,direct,,1544
要,"need, main point",要る,いる,"need, require",direct,,228
要,"need, main point",必要,ひつよう,"need, necessity",direct,,817
要,"need, main point",重要,じゅうよう,"important, essential",direct,,818
要,"need, main point",要求,ようきゅう,"requirement, demand",direct,,819
計,"plot, plan",時計,とけい,"clock, watch",direct,,229
計,"plot, plan",目覚まし時計,めざましどけい,alarm clock,direct,,820
計,"plot, plan",計算,けいさん,calculation,direct,,822
計,"plot, plan",計画,けいかく,"plan, project",direct,,955
計,"plot, plan",設計,せっけい,"design, plan",direct,,1091
計,"plot, plan",腕時計,うでどけい,wrist watch,direct,,1615
払,"pay, clear out",払う,はらう,pay,direct,,230
払,"pay, clear out",酔っ払い,よっぱらい,drunk person,direct,,1067
払,"pay, clear out",酔っ払う,よっぱらう,get drunk,direct,,1068
切,"cut, cutoff",切る,きる,cut,direct,,231
切,"cut, cutoff",切れる,きれる,"run out, expire",direct,,846
切,"cut, cutoff",切手,きって,postage stamp,figurative,cut + hand → historically a cut receipt/token → postage stamp,847
切,"cut, cutoff",売り切れる,うりきれる,"be sold out, go out of stock",direct,,848
切,"cut, cutoff",売り切れ,うりきれ,sold out,direct,,849
切,"cut, cutoff",大切,たいせつ,"important, valuable",figurative,"big + cut → cutting deep, vital → important",850
切,"cut, cutoff",切符,きっぷ,ticket,figurative,cut + tally/tag → a cut token → ticket,851
切,"cut, cutoff",親切,しんせつ,"kind, friendly",direct,,1005
切,"cut, cutoff",不親切,ふしんせつ,"unkind, inattentive",direct,,1006
切,"cut, cutoff",踏切,ふみきり,railroad crossing,direct,,1705
変,"unusual, change",変える,かえる,to change (st),direct,,232
変,"unusual, change",変わる,かわる,change が,direct,,868
変,"unusual, change",大変,たいへん,"awful, serious",figurative,"big + change → a big change → serious, awful",870
変,"unusual, change",変,へん,"strange, weird, funny",direct,,871
変,"unusual, change",変化,へんか,change,direct,,872
乗,"ride, power",乗る,のる,"ride, take",direct,,233
乗,"ride, power",乗り物,のりもの,"vehicle, means of transportation",direct,,879
乗,"ride, power",乗り換える,のりかえる,"change, transfer (trainなど)",direct,,1205
乗,"ride, power",乗り換え,のりかえ,"change (trainなど), transfer",direct,,1206
着,"don, arrive",着る,きる,"wear, put on",direct,,234
着,"don, arrive",着く,つく,"arrive, touch, take one's place",direct,,883
着,"don, arrive",着物,きもの,"kimono, clothes",direct,,884
着,"don, arrive",下着,したぎ,underwear,direct,,885
着,"don, arrive",上着,うわぎ,outerwear,direct,,886
着,"don, arrive",着せる,きせる,"dress (sb), put clothes on (sb)",direct,,887
着,"don, arrive",着替える,きがえる,change clothes,direct,,1209
立,"stand up, rise",立つ,たつ,"stand, rise",direct,,235
立,"stand up, rise",立場,たちば,"standpoint, position",figurative,"stand + place → an abstract ""standing place"" → position, standpoint",889
立,"stand up, rise",目立つ,めだつ,"stand out, be conspicuous",figurative,eye + stand → catches the eye → stands out,890
立,"stand up, rise",立てる,たてる,"stand (sth) up, set (sth) up, establish",direct,,891
立,"stand up, rise",役に立つ,やくにたつ,"be useful, be helpful",figurative,role + stand → fulfills its role → useful,892
立,"stand up, rise",対立,たいりつ,"opposition, antagonism",direct,,1037
立,"stand up, rise",組み立てる,くみたてる,"put together, assemble, construct",direct,,1167
立,"stand up, rise",立派,りっぱ,"fine, excellent",figurative,"stand + sect/school → doesn't map cleanly → splendid, fine (idiomatic)",1217
座,"squat, seat",座る,すわる,"sit, sit down",direct,,236
次,"next, order",次,つぎ,next,direct,,237
次,"next, order",次男,じなん,second son,direct,,897
次,"next, order",次女,じじょ,second daughter,direct,,898
喋,"talk, chat",喋る,しゃべる,"chat, talk",direct,,238
動,"move, motion",動く,うごく,move (が),direct,,239
動,"move, motion",動き,うごき,"movement, motion",direct,,905
動,"move, motion",運動,うんどう,"exercise, movement",direct,,906
動,"move, motion",活動,かつどう,activity,direct,,908
動,"move, motion",動物,どうぶつ,animal,direct,,909
動,"move, motion",動かす,うごかす,"move (something), operate",direct,,910
動,"move, motion",不動産屋,ふどうさんや,"real estate agent, realtor",figurative,不動 (un-moving) property + shop,911
動,"move, motion",自動車,じどうしゃ,automobile,direct,,1021
動,"move, motion",動物園,どうぶつえん,zoo,direct,,1099
働,"work, (kokuji)",働く,はたらく,to work,direct,,240
早,"early, fast",早い,はやい,early,direct,,241
早,"early, fast",早く,はやく,"early, soon",direct,,912
早,"early, fast",早口,はやくち,fast talking,direct,,913
早,"early, fast",早起き,はやおき,early rising,direct,,1324
速,"quick, fast",速い,はやい,fast,direct,,242
速,"quick, fast",速さ,はやさ,speed,direct,,914
速,"quick, fast",速達,そくたつ,express mail,direct,,915
遅,"slow, late",遅い,おそい,"slow, late",direct,,243
遅,"slow, late",遅れる,おくれる,be late,direct,,916
遅,"slow, late",遅刻,ちこく,"tardiness, lateness",figurative,late + carve/engrave → 刻 refers to carved time-markers on old clocks → tardiness,1371
始,"commence, begin",始める,はじめる,"begin, start を",direct,,244
始,"commence, begin",始まる,はじまる,begin が,direct,,245
始,"commence, begin",開始,かいし,beginning,direct,,917
始,"commence, begin",始めに,はじめに,in the beginning,direct,,918
終,"end, finish",終わる,おわる,"finish, end",direct,,246
終,"end, finish",終わり,おわり,"end, conclusion",direct,,247
去,"gone, past",去年,きょねん,last year,direct,,248
去,"gone, past",過去,かこ,the past,direct,,929
紙,paper,紙,かみ,paper,direct,,249
紙,paper,手紙,てがみ,letter,figurative,"hand + paper → originally ""toilet paper"" in Chinese, shifted meaning in Japanese → letter",943
楽,"music, comfort",楽しむ,たのしむ,enjoy,direct,,250
楽,"music, comfort",楽しい,たのしい,"fun, enjoyable",direct,,251
楽,"music, comfort",音楽,おんがく,music,direct,,949
歌,"song, sing",歌う,うたう,sing,direct,,252
歌,"song, sing",歌,うた,song,direct,,951
歌,"song, sing",歌手,かしゅ,singer,direct,,953
欲,"longing, covetousness",欲しい,ほしい,"want, desire",direct,,253
欲,"longing, covetousness",欲しがる,ほしがる,want&nbsp;(describing sb else),direct,,954
色,color,色,いろ,color,direct,,254
色,color,茶色,ちゃいろ,light brown,direct,,255
色,color,黄色い,きいろい,yellow,direct,,318
色,color,色々,いろいろ,various,direct,,968
色,color,景色,けしき,"scene, landscape",direct,,1257
色,color,黄色,きいろ,yellow,direct,,1293
色,color,緑色,みどりいろ,green,direct,,1306
色,color,灰色,はいいろ,"ash color, gray",direct,,1599
茶,tea,茶色,ちゃいろ,light brown,direct,,255
茶,tea,お茶,おちゃ,tea (polite),direct,,633
茶,tea,茶わん,ちゃわん,"rice bowl, tea cup",direct,,634
茶,tea,喫茶店,きっさてん,"coffee shop, tea house, café",direct,,1585
茶,tea,紅茶,こうちゃ,black tea,direct,,1726
茶,tea,茶,ちゃ,tea (plain form),direct,,1845
直,"straightaway, honesty",書き直す,かきなおす,rewrite,direct,,257
直,"straightaway, honesty",直る,なおる,"be repaired, return to normal",direct,,258
直,"straightaway, honesty",直す,なおす,"repair, cure, alter",direct,,974
直,"straightaway, honesty",真っ直ぐ,まっすぐ,"dead straight, honestly",direct,,975
直,"straightaway, honesty",直接,ちょくせつ,directly,direct,,976
直,"straightaway, honesty",正直,しょうじき,"honest, upright",direct,,1121
線,"line, track",線,せん,"line, route (trainなど)",direct,,259
線,"line, track",新幹線,しんかんせん,"Shinkansen, Bullet Train",direct,,1459
曲,"bend, music",曲がる,まがる,turn,direct,,260
曲,"bend, music",曲,きょく,"song, melody, tune",direct,,983
曲,"bend, music",曲げる,まげる,"bend, curve",direct,,984
曲,"bend, music",曲がり角,まがりかど,street corner,direct,,985
同,"same, agree",同じ,おなじ,"same, identical",direct,,261
同,"same, agree",同様,どうよう,"similar, same",direct,,986
違,"difference, differ",違う,ちがう,"differ, be wrong",direct,,262
違,"difference, differ",間違い,まちがい,"mistake, error",direct,,987
違,"difference, differ",間違える,まちがえる,"make a mistake (in something), confuse (を)",direct,,988
違,"difference, differ",間違う,まちがう,"be mistaken, be incorrect",direct,,989
図,"map, drawing",図書館,としょかん,library,direct,,263
図,"map, drawing",地図,ちず,"map, atlas",direct,,581
図,"map, drawing",図書室,としょしつ,library room,direct,,1002
館,"building, mansion",図書館,としょかん,library,direct,,263
館,"building, mansion",大使館,たいしかん,embassy,direct,,994
館,"building, mansion",旅館,りょかん,Japanese inn,direct,,995
館,"building, mansion",映画館,えいがかん,movie theater,direct,,996
館,"building, mansion",美術館,びじゅつかん,art museum,direct,,1505
館,"building, mansion",博物館,はくぶつかん,museum,direct,,1509
泊,"overnight stay, put up at",泊まる,とまる,stay overnight,direct,,264
泊,"overnight stay, put up at",泊める,とめる,"lodge, give shelter",direct,,998
遊,play,遊ぶ,あそぶ,"have a good time, play",direct,,265
遊,play,遊び,あそび,"play, amusement",direct,,999
服,"clothing, admit",服,ふく,clothes,direct,,267
服,"clothing, admit",洋服,ようふく,clothes,direct,,1000
父,father,お父さん,おとうさん,father,direct,,268
父,father,父,ちち,(speaker's)father,direct,,269
父,father,お祖父さん,おじいさん,grandfather,direct,,1714
父,father,祖父,そふ,grandfather,direct,,1717
母,mother,お母さん,おかあさん,mother,direct,,270
母,mother,母,はは,(speaker's) mother,direct,,271
母,mother,お祖母さん,おばあさん,grandmother,direct,,1715
母,mother,祖母,そぼ,grandmother,direct,,1718
親,"parent, intimacy",親,おや,parent,direct,,272
親,"parent, intimacy",親しい,したしい,"intimate, close",direct,,1004
親,"parent, intimacy",親切,しんせつ,"kind, friendly",direct,,1005
親,"parent, intimacy",不親切,ふしんせつ,"unkind, inattentive",direct,,1006
親,"parent, intimacy",両親,りょうしん,parents,direct,,1332
姉,elder sister,姉,あね,older sister,direct,,273
姉,elder sister,お姉さん,おねえさん,older sister,direct,,274
姉,elder sister,姉さん,ねえさん,"older sister, girl, miss",direct,,1010
妹,younger sister,妹,いもうと,younger sister,direct,,275
兄,"elder brother, big brother",兄,あに,older brother,direct,,277
兄,"elder brother, big brother",お兄さん,おにいさん,older brother,direct,,278
兄,"elder brother, big brother",兄弟,きょうだい,siblings,direct,,1011
兄,"elder brother, big brother",兄さん,にいさん,older brother,direct,,1905
弟,"younger brother, faithful service to elders",弟,おとうと,younger brother,direct,,279
弟,"younger brother, faithful service to elders",兄弟,きょうだい,siblings,direct,,1011
娘,"daughter, girl",娘,むすめ,"daughter, girl",direct,,280
息,"breath, respiration",息子,むすこ,son,direct,,281
若,"young, if",若い,わかい,young,direct,,282
若,"young, if",若者,わかもの,"young person, youth",direct,,1012
女,"woman, female",彼女,かのじょ,"she, one's girlfriend",direct,,283
女,"woman, female",女の子,おんなのこ,"girl, baby girl",direct,,461
女,"woman, female",長女,ちょうじょ,eldest daughter,direct,,599
女,"woman, female",女性,じょせい,"female, woman (formal)",direct,,743
女,"woman, female",次女,じじょ,second daughter,direct,,898
女,"woman, female",女,おんな,"woman, girl",direct,,1799
彼,"he, that",彼女,かのじょ,"she, one's girlfriend",direct,,283
彼,"he, that",彼,かれ,"he, one's boyfriend",direct,,284
彼,"he, that",彼ら,かれら,they,direct,,1013
結,"tie, bind",結婚,けっこん,marriage,direct,,285
結,"tie, bind",結合,けつごう,"combination, joining",direct,,1015
結,"tie, bind",結果,けっか,"result, outcome",direct,,1016
婚,marriage,結婚,けっこん,marriage,direct,,285
婚,marriage,離婚,りこん,divorce,direct,,1286
転,"revolve, turn around",自転車,じてんしゃ,bicycle,direct,,286
転,"revolve, turn around",運転,うんてん,drive,direct,,900
転,"revolve, turn around",運転手,うんてんしゅ,driver,direct,,901
転,"revolve, turn around",転ぶ,ころぶ,"tumble down, fall over",direct,,902
自,oneself,自転車,じてんしゃ,bicycle,direct,,286
自,oneself,自分,じぶん,"self, oneself",direct,,287
自,oneself,自動車,じどうしゃ,automobile,direct,,1021
自,oneself,自然,しぜん,nature,direct,,1022
自,oneself,自然,しぜん,"natural, naturally",direct,,1023
自,oneself,自習,じしゅう,"self-study, self-teaching",direct,,1024
自,oneself,自由,じゆう,"freedom, free",direct,,1026
自,oneself,自宅,じたく,"one's house, one's home",direct,,1322
自,oneself,自炊,じすい,cooking for oneself,direct,,1596
主,"lord, chief",ご主人,ごしゅじん,(your) husband,direct,,288
主,"lord, chief",主人,しゅじん,"husband,&nbsp;the head of the house",direct,,1033
主,"lord, chief",主張,しゅちょう,"argument, case, one's point",figurative,"main + stretch/spread → ""spreading one's main point"" → argument, assertion",1541
答,"solution, answer",答える,こたえる,"answer, reply",direct,,289
答,"solution, answer",答え,こたえ,"answer, solution",direct,,1039
別,"separate, branch off",別,べつ,"another, different",direct,,290
別,"separate, branch off",特別,とくべつ,"special, extraordinary",direct,,1042
別,"separate, branch off",別々,べつべつ,separately,direct,,1043
別,"separate, branch off",別れる,わかれる,"separate, part from",direct,,1044
病,"ill, sick",病気,びょうき,illness,figurative,sickness + spirit → an ailing spirit → illness,291
病,"ill, sick",病院,びょういん,hospital,direct,,1052
死,"death, die",死ぬ,しぬ,die,direct,,292
痛,"pain, hurt",痛い,いたい,painful,direct,,293
酒,"sake, alcohol",酒,さけ,"alcoholic drink, Japanese rice wine",direct,,294
杯,"counter for cupfuls, wine glass",一杯,いっぱい,full,direct,,296
杯,"counter for cupfuls, wine glass",乾杯,かんぱい,a toast,figurative,"dry + cup → ""draining one's cup"" → a toast",1457
飛,"fly, skip (pages)",飛ぶ,とぶ,fly,direct,,297
飛,"fly, skip (pages)",飛行機,ひこうき,airplane,direct,,298
飛,"fly, skip (pages)",飛行場,ひこうじょう,"airport, airfield",direct,,1103
機,"loom, mechanism",飛行機,ひこうき,airplane,direct,,298
機,"loom, mechanism",機能,きのう,"function, feature",direct,,1080
機,"loom, mechanism",ジェット機,ジェットき,jet (plane),direct,,1081
機,"loom, mechanism",機械,きかい,machine,direct,,1082
機,"loom, mechanism",洗濯機,せんたくき,washing machine,direct,,1582
機,"loom, mechanism",扇風機,せんぷうき,electric fan,direct,,1610
機,"loom, mechanism",掃除機,そうじき,vacuum cleaner,direct,,1654
願,"petition, request",お願い,おねがい,"request, wish",direct,,299
願,"petition, request",願う,ねがう,"wish, ask a favor, apply for",direct,,1117
続,"continue, series",続く,つづく,"continue, follow が",direct,,300
続,"continue, series",続ける,つづける,"continue (sth), keep up を",direct,,1135
記,"scribe, account",日記,にっき,diary,direct,,301
記,"scribe, account",記者,きしゃ,"journalist, reporter",direct,,1139
記,"scribe, account",記録,きろく,"record, documentation",direct,,1140
記,"scribe, account",記念日,きねんび,"memorial day, anniversary",direct,,1363
首,"neck, counter for songs and poems",首,くび,neck,direct,,302
首,"neck, counter for songs and poems",首相,しゅしょう,prime minister,figurative,"neck/head + minister → ""head"" extended to ""chief"" → prime minister",1161
首,"neck, counter for songs and poems",首都,しゅと,capital,figurative,"neck/head + capital → ""head"" extended to ""leading"" → capital city",1162
頭,"head, counter for large animals",頭,あたま,head,direct,,303
顔,"face, expression",顔,かお,face,direct,,304
感,"emotion, feeling",感じる,かんじる,"feel, sense",direct,,305
探,"grope, search",探す,さがす,"search for, look for",direct,,306
落,"fall, drop",落ちる,おちる,"fall, go down",direct,,307
落,"fall, drop",落とす,おとす,"drop, omit",direct,,1235
洗,"wash, inquire into",お手洗い,おてあらい,bathroom (polite),direct,,308
洗,"wash, inquire into",洗う,あらう,wash,direct,,1241
洗,"wash, inquire into",洗面所,せんめんじょ,"washroom, bathroom",direct,,1242
洗,"wash, inquire into",洗濯機,せんたくき,washing machine,direct,,1582
洗,"wash, inquire into",洗濯,せんたく,"laundering, washing",direct,,1583
冷,"cool, cold (beer, person)",冷たい,つめたい,"cold (things, touch)",direct,,309
冷,"cool, cold (beer, person)",冷える,ひえる,"get cold, get chilly",direct,,1247
冷,"cool, cold (beer, person)",冷やす,ひやす,"cool (sth), chill (を)",direct,,1248
冷,"cool, cold (beer, person)",冷める,さめる,"cool down (from hot to room temp), subside",direct,,1249
冷,"cool, cold (beer, person)",冷蔵庫,れいぞうこ,refrigerator,direct,,1251
冷,"cool, cold (beer, person)",冷房,れいぼう,air conditioning,direct,,1302
汚,"dirty, pollute",汚い,きたない,dirty,direct,,310
汚,"dirty, pollute",汚す,よごす,"make dirty, soil",direct,,1254
汚,"dirty, pollute",汚れ,よごれ,"dirt, filth",direct,,1255
汚,"dirty, pollute",汚れる,よごれる,"become dirty, become defiled",direct,,1256
太,"plump, thick",太い,ふとい,"thick, fat",direct,,311
太,"plump, thick",太る,ふとる,"grow fat, fatten",direct,,1260
太,"plump, thick",太陽,たいよう,sun,direct,,1261
曇,"cloudy weather, cloud up",曇る,くもる,become cloudy,direct,,312
曇,"cloudy weather, cloud up",曇り,くもり,"cloudiness, cloudy weather",direct,,1266
神,"gods, mind",神,かみ,"god, spirit",direct,,313
神,"gods, mind",神社,じんじゃ,Shinto shrine,direct,,1271
建,build,建てる,たてる,"build, erect",direct,,315
建,build,建設,けんせつ,"construction, establishment",direct,,1278
建,build,建物,たてもの,"building, structure",direct,,1279
建,build,建つ,たつ,"be built, be erected",direct,,1280
置,"placement, put",置く,おく,"put, leave",direct,,316
置,"placement, put",位置,いち,"position, location",direct,,1285
置,"placement, put",装置,そうち,"equipment, device",direct,,1499
辺,"environs, boundary",辺,へん,"vicinity, part",direct,,317
辺,"environs, boundary",周辺,しゅうへん,"surrounding area, outskirts",direct,,1290
黄,yellow,黄色い,きいろい,yellow,direct,,318
黄,yellow,黄色,きいろ,yellow,direct,,1293
緒,"thong, beginning",一緒に,いっしょに,"together, at the same time",direct,,319
緑,green,緑,みどり,"green, foliage",direct,,320
緑,green,緑色,みどりいろ,green,direct,,1306
易,"easy, ready to",易しい,やさしい,"easy, simple",direct,,321
易,"easy, ready to",貿易,ぼうえき,"(foreign) trade, import/export business",direct,,1307
留,"detain, fasten",留学生,りゅうがくせい,student studying abroad,direct,,322
留,"detain, fasten",留学,りゅうがく,studying abroad,direct,,1315
留,"detain, fasten",停留所,ていりゅうじょ,"stop, station",direct,,1316
留,"detain, fasten",書留,かきとめ,registered mail,direct,,1317
留,"detain, fasten",留守,るす,not at home,figurative,"stay + guard → originally the person left guarding the house while away → shifted to ""not home"" itself",1320
戻,"re-, return",戻る,もどる,"return, turn back",direct,,323
起,"rouse, wake up",起きる,おきる,"get up, get out of bed",direct,,325
起,"rouse, wake up",起こる,おこる,happen,direct,,326
起,"rouse, wake up",起こす,おこす,wake up (someone),direct,,327
起,"rouse, wake up",起きる,おきる,occur,direct,,328
起,"rouse, wake up",早起き,はやおき,early rising,direct,,1324
寝,"lie down, sleep",寝る,ねる,"sleep, go to sleep",direct,,329
寝,"lie down, sleep",昼寝,ひるね,nap,direct,,1325
寝,"lie down, sleep",寝坊,ねぼう,"oversleeping,&nbsp;late riser",direct,,1619
細,"dainty, get thin",細い,ほそい,"thin, slender, narrow",direct,,330
細,"dainty, get thin",細かい,こまかい,"minute, elaborate",direct,,1346
細,"dainty, get thin",細か,こまか,"minute, elaborate",direct,,1347
載,"ride, board",載せる,のせる,"place, put on",direct,,331
締,"tighten, tie",締める,しめる,"tighten, fasten",direct,,332
甘,"sweet, coax",甘い,あまい,sweet,direct,,333
辛,"spicy, bitter",辛い,からい,"spicy, salty",direct,,335
辛,"spicy, bitter",塩辛い,しおからい,salty,direct,,1381
優,"tenderness, excel",優しい,やさしい,"gentle, kind",direct,,336
夫,"husband, man",夫,おっと,husband,direct,,337
夫,"husband, man",大丈夫,だいじょうぶ,"alright, okay",figurative,"big + hero/guardian + husband → old term for ""a sturdy man"" → now means fine/OK",369
夫,"husband, man",夫婦,ふうふ,"husband and wife, married couple",direct,,1414
夫,"husband, man",丈夫,じょうぶ,"healthy, stout",direct,,1712
妻,"wife, spouse",妻,つま,wife,direct,,338
誰,"who, someone",誰,だれ,"who, whom",direct,,339
誰,"who, someone",誰か,だれか,someone,direct,,1419
愛,"love, affection",愛する,あいする,"love, care for",direct,,340
愛,"love, affection",愛,あい,love,direct,,1422
愛,"love, affection",可愛い,かわいい,"cute, charming, sweet",direct,,1423
笑,laugh,笑う,わらう,"laugh, smile",direct,,341
酸,"acid, bitterness",酸っぱい,すっぱい,sour,direct,,342
葉,"leaf, plane",言葉,ことば,"word, language",direct,,343
葉,"leaf, plane",葉,は,leaf,direct,,1475
葉,"leaf, plane",絵葉書,えはがき,picture postcard,direct,,1476
呼,"call, call out to",呼ぶ,よぶ,"call, name",direct,,345
胸,"bosom, breast",胸,むね,chest,direct,,346
腰,"loins, hips",腰,こし,"hip, lower back",direct,,347
背,"stature, height",背,せ,"height, stature",direct,,348
背,"stature, height",背景,はいけい,"background, scenery, setting",direct,,1486
片,"one-sided, leaf",片仮名,かたかな,katakana,direct,,349
片,"one-sided, leaf",片道,かたみち,one-way,direct,,1333
片,"one-sided, leaf",片付ける,かたづける,"put in order, clear (st) away, put (st) back",direct,,1356
片,"one-sided, leaf",片付く,かたづく,"be in order, be settled",direct,,1360
仮,"sham, temporary",片仮名,かたかな,katakana,direct,,349
仮,"sham, temporary",平仮名,ひらがな,hiragana,direct,,350
仮,"sham, temporary",仮名,かな,"kana, Japanese syllabary",direct,,1500
仮,"sham, temporary",送り仮名,おくりがな,kana suffix,direct,,1501
平,"even, flat",平仮名,ひらがな,hiragana,direct,,350
平,"even, flat",平和,へいわ,"peace, harmony",direct,,1050
平,"even, flat",平成,へいせい,Heisei era,direct,,1111
悲,"grieve, sad",悲しい,かなしい,sad,direct,,351
悲,"grieve, sad",悲しむ,かなしむ,"feel sad, lament",direct,,1503
美,"beauty, beautiful",美しい,うつくしい,beautiful,direct,,352
美,"beauty, beautiful",美術館,びじゅつかん,art museum,direct,,1505
美,"beauty, beautiful",美人,びじん,beautiful woman,direct,,1506
美,"beauty, beautiful",美容院,びよういん,hair salon,direct,,1507
業,"business, vocation",授業,じゅぎょう,"class, lesson",direct,,353
業,"business, vocation",企業,きぎょう,"business, corporation",direct,,806
業,"business, vocation",作業,さぎょう,"work, operation",direct,,807
業,"business, vocation",産業,さんぎょう,industry,direct,,808
業,"business, vocation",工業,こうぎょう,manufacturing industry,direct,,809
業,"business, vocation",商業,しょうぎょう,"business, commerce",direct,,810
業,"business, vocation",卒業,そつぎょう,graduation,direct,,1187
業,"business, vocation",農業,のうぎょう,agriculture,direct,,1384
業,"business, vocation",業者,ぎょうしゃ,business man,direct,,1907
授,"impart, instruct",授業,じゅぎょう,"class, lesson",direct,,353
授,"impart, instruct",教授,きょうじゅ,professor,direct,,1516
伝,"transmit, go along",手伝う,てつだう,"help, assist",direct,,355
伝,"transmit, go along",伝える,つたえる,"convey, tell (sb) that, let (sb) know",direct,,1517
狭,"cramped, narrow",狭い,せまい,"narrow, restricted",direct,,356
触,"contact, touch",触る,さわる,"touch, feel",direct,,357
嫌,"dislike, detest",嫌い,きらい,dislike,direct,,358
嫌,"dislike, detest",嫌,いや,"dislike, have a dislike for",direct,,1553
嫌,"dislike, detest",大嫌い,だいきらい,hate,direct,,1554
浴,"bathe, be favored with",浴びる,あびる,take a shower,direct,,359
渇,"thirst, dry up",渇く,かわく,become thirsty,direct,,360
髪,hair of the head,髪の毛,かみのけ,hair,direct,,361
髪,hair of the head,髪,かみ,"hair, hairstyle",direct,,1603
毛,"fur, hair",髪の毛,かみのけ,hair,direct,,361
毛,"fur, hair",毛,け,"hair, wool",direct,,1602
毛,"fur, hair",毛布,もうふ,blanket,direct,,1630
肩,shoulder,肩,かた,shoulder,direct,,362
鼻,"nose, snout",鼻,はな,nose,direct,,363
腕,"arm, ability",腕,うで,arm,direct,,365
腕,"arm, ability",腕時計,うでどけい,wrist watch,direct,,1615
掛,"hang, suspend",掛ける,かける,"hang, put on",direct,,366
掛,"hang, suspend",掛け算,かけざん,multiplication,direct,,1649
僕,"me, i (male)",僕,ぼく,I (young male),direct,,367
丈,"length, ten shaku",大丈夫,だいじょうぶ,"alright, okay",figurative,"big + hero/guardian + husband → old term for ""a sturdy man"" → now means fine/OK",369
丈,"length, ten shaku",丈夫,じょうぶ,"healthy, stout",direct,,1712
邪,"wicked, injustice",風邪,かぜ,cold (illness),direct,,370
邪,"wicked, injustice",邪魔,じゃま,"obstacle, interruption",figurative,"evil + demon → ""an evil demon"" → obstacle, interruption",1719
邪,"wicked, injustice",風邪薬,かぜぐすり,remedy for a cold,direct,,1720
風,"wind, air",風邪,かぜ,cold (illness),direct,,370
風,"wind, air",風,かぜ,wind,direct,,676
風,"wind, air",台風,たいふう,typhoon,figurative,"台 here ties to a historical transliteration, not simply ""platform""",677
風,"wind, air",扇風機,せんぷうき,electric fan,direct,,1610
風,"wind, air",風邪薬,かぜぐすり,remedy for a cold,direct,,1720
風,"wind, air",風呂屋,ふろや,"bathhouse, public bath",direct,,1721
風,"wind, air",風呂,ふろ,bath,figurative,wind + furnace/vessel → originally referred to steam baths → bath,1722
嬉,"glad, pleased",嬉しい,うれしい,"happy, glad",direct,,372
億,"hundred million, 10**8",億,おく,hundred million,direct,,376
寺,buddhist temple,寺,てら,buddhist temple,direct,,377
中,"in, inside",中,なか,"in, inside, middle",direct,,400
中,"in, inside",夜中,よなか,"midnight, dead of night",direct,,530
中,"in, inside",中心,ちゅうしん,"center, middle, core",direct,,685
中,"in, inside",中学,ちゅうがく,middle school (abbrev.),direct,,749
中,"in, inside",中学生,ちゅうがくせい,middle school sudent,direct,,751
中,"in, inside",中学校,ちゅうがっこう,middle school,direct,,757
中,"in, inside",真ん中,まんなか,"center, middle",direct,,1896
外,outside,外人,がいじん,"foreigner, alien (less polite)",direct,,424
外,outside,外,そと,"outside, open air",direct,,425
外,outside,海外,かいがい,"overseas, abroad",direct,,446
外,outside,外国,がいこく,foreign country,direct,,610
外,outside,外国人,がいこくじん,foreigner (polite),direct,,613
外,outside,外国語,がいこくご,foreign language,direct,,614
外,outside,外側,そとがわ,"exterior, outside",direct,,1336
外,outside,外れる,はずれる,come off,direct,,1776
力,"power, strength",力,ちから,"strength, power",direct,,428
力,"power, strength",協力,きょうりょく,"cooperation, collaboration",direct,,429
力,"power, strength",能力,のうりょく,"ability, capacity",direct,,692
力,"power, strength",努力,どりょく,"<!--anki-->effort,&nbsp;endeavor",direct,,1406
協,"co-, cooperation",協力,きょうりょく,"cooperation, collaboration",direct,,429
山,mountain,山,やま,mountain,direct,,440
川,"stream, river",川,かわ,"river, stream",direct,,441
海,"sea, ocean",海外,かいがい,"overseas, abroad",direct,,446
海,"sea, ocean",海,うみ,"sea, ocean",direct,,448
海,"sea, ocean",海岸,かいがん,"coast, seashore",direct,,1461
毎,every,毎日,まいにち,every day,direct,,449
毎,every,毎年,まいとし,every year (less formal),direct,,450
毎,every,毎週,まいしゅう,every week,direct,,452
毎,every,毎月,まいつき,every month,direct,,453
毎,every,毎朝,まいあさ,every morning,direct,,520
毎,every,毎晩,まいばん,every evening,direct,,526
毎,every,毎年,まいねん,every year (more formal),direct,,1820
石,stone,石,いし,"stone, small rock",direct,,454
石,stone,石鹸,せっけん,soap,direct,,1773
田,"rice field, rice paddy",田んぼ,たんぼ,rice field,direct,,455
花,flower,花,はな,flower,direct,,457
花,flower,花見,はなみ,cherry blossom viewing,direct,,538
林,"grove, forest",林,はやし,"woods, grove",direct,,458
森,"forest, woods",森,もり,"thick woods, forest",direct,,459
男,male,男の子,おとこのこ,"boy, baby boy",direct,,462
男,male,長男,ちょうなん,eldest son,direct,,598
男,male,次男,じなん,second son,direct,,897
男,male,男,おとこ,"man, male",direct,,1798
内,"inside, within",家内,かない,my wife,direct,,466
内,"inside, within",国内,こくない,"domestic, internal",direct,,607
内,"inside, within",案内,あんない,"guide, inform",direct,,1131
内,"inside, within",内側,うちがわ,"inside, interior",direct,,1334
内,"inside, within",内容,ないよう,contents,direct,,1485
客,"guest, visitor",客,きゃく,"visitor, customer",direct,,467
雨,rain,雨,あめ,rain,direct,,471
雨,rain,梅雨,つゆ,rainy season,direct,,1727
雪,snow,雪,ゆき,"snow, snowfall",direct,,472
青,"blue, green",青い,あおい,blue,direct,,474
青,"blue, green",青,あお,"blue, green, green light",direct,,475
青,"blue, green",真っ青,まっさお,"deep-blue, pale (skin)",direct,,967
明,"bright, light",明らか,あきらか,"clear, obvious",direct,,477
明,"bright, light",明るい,あかるい,"bright, cheerful",direct,,479
明,"bright, light",明日,あした,tomorrow,direct,,480
明,"bright, light",明後日,あさって,day after tomorrow,direct,,513
明,"bright, light",説明,せつめい,"explanation, description",direct,,1094
暗,"darkness, disappear",暗い,くらい,"dark, dreary, shadowy",direct,,481
暗,"darkness, disappear",真っ暗,まっくら,pitch-dark,direct,,965
東,east,東,ひがし,"east, eastern",direct,,486
西,"west, spain",西,にし,"west, western",direct,,487
西,"west, spain",西暦,せいれき,"CE, AD (year)",direct,,1601
南,south,南,みなみ,south,direct,,489
北,north,北,きた,north,direct,,490
向,"yonder, facing",方向,ほうこう,"direction, course",direct,,491
向,"yonder, facing",向かう,むかう,"face, head toward, confront",direct,,492
向,"yonder, facing",向こう,むこう,"the other side, the other party, opponent",direct,,494
向,"yonder, facing",向く,むく,"turn, face, look",direct,,495
向,"yonder, facing",向こう側,むこうがわ,other side,direct,,1335
向,"yonder, facing",傾向,けいこう,"tendency, inclination",direct,,1536
最,"utmost, most",最大,さいだい,"biggest, largest",direct,,505
最,"utmost, most",最初,さいしょ,"the beginning, first",direct,,507
最,"utmost, most",最後,さいご,"last, final",direct,,511
最,"utmost, most",最近,さいきん,"lately, recent",direct,,593
初,"first time, beginning",初めて,はじめて,"first, for the first time",direct,,506
初,"first time, beginning",最初,さいしょ,"the beginning, first",direct,,507
初,"first time, beginning",初め,はじめ,"beginning, start",direct,,508
牛,cow,牛,うし,"cattle, cow",direct,,514
牛,cow,牛肉,ぎゅうにく,beef,direct,,624
牛,cow,牛乳,ぎゅうにゅう,milk,direct,,1639
半,"half, middle",半分,はんぶん,half,direct,,515
半,"half, middle",半年,はんとし,half a year,direct,,516
半,"half, middle",半月,はんつき,half a month,direct,,518
半,"half, middle",半日,はんにち,half a day,direct,,519
半,"half, middle",半袖,はんそで,short-sleeved shirt,direct,,1753
夕,evening,夕方,ゆうがた,evening,direct,,531
夕,evening,夕食,ゆうしょく,supper (polite),direct,,535
夕,evening,夕飯,ゆうはん,"evening meal, supper (かたい)",direct,,536
夕,evening,夕刊,ゆうかん,evening edition,direct,,1344
語,"word, speech",語る,かたる,"tell (a story), talk about",direct,,544
語,"word, speech",言語,げんご,"language, speech",direct,,545
語,"word, speech",外国語,がいこくご,foreign language,direct,,614
語,"word, speech",敬語,けいご,"honorific language, polite speech",direct,,1694
語,"word, speech",英語,えいご,English,direct,,1827
文,"sentence, literature",文字,もじ,"character, letter",direct,,546
文,"sentence, literature",作文,さくぶん,"composition, essay",direct,,643
文,"sentence, literature",文化,ぶんか,culture,direct,,874
文,"sentence, literature",注文,ちゅうもん,"order, request",figurative,pour + writing/words → placing a request → order,1073
文,"sentence, literature",文房具,ぶんぼうぐ,"stationery, writing materials",direct,,1304
文,"sentence, literature",例文,れいぶん,example sentence,direct,,1366
文,"sentence, literature",文章,ぶんしょう,"writing, prose",direct,,1710
社,"company, firm",会社,かいしゃ,"company, corporation",direct,,557
社,"company, firm",社会,しゃかい,society,direct,,558
社,"company, firm",社員,しゃいん,"staff member, employee",direct,,559
社,"company, firm",社長,しゃちょう,president (of a company),direct,,595
社,"company, firm",神社,じんじゃ,Shinto shrine,direct,,1271
員,"employee, member",社員,しゃいん,"staff member, employee",direct,,559
員,"employee, member",駅員,えきいん,station attendant,direct,,571
員,"employee, member",店員,てんいん,"clerk, salesperson",direct,,651
員,"employee, member",議員,ぎいん,legislator,direct,,1034
故,"happenstance, especially",事故,じこ,"accident, incident",direct,,565
故,"happenstance, especially",交通事故,こうつうじこ,traffic accident,direct,,575
故,"happenstance, especially",故障,こしょう,"malfunction, fault, breakdown",direct,,1203
工,"craft, construction",工事,こうじ,construction work,direct,,566
工,"craft, construction",工場,こうじょう,"factory, plant",direct,,567
工,"craft, construction",工業,こうぎょう,manufacturing industry,direct,,809
工,"craft, construction",加工,かこう,"processing, manufacturing<div>(turning st into st else)</div>",direct,,1198
通,"traffic, pass through",通り,とおり,"boulevard, street",direct,,572
通,"traffic, pass through",通る,とおる,"pass, take (a road), go through",direct,,573
通,"traffic, pass through",通う,かよう,"go (a place) often, go to and from",direct,,574
通,"traffic, pass through",交通事故,こうつうじこ,traffic accident,direct,,575
通,"traffic, pass through",交通費,こうつうひ,"traveling expense, transportation cost",direct,,646
通,"traffic, pass through",通学,つうがく,going to school,direct,,754
通,"traffic, pass through",通過,つうか,"passing, passage",direct,,925
通,"traffic, pass through",普通,ふつう,"normal, regular",figurative,"spread/universal + pass through → widely passing through → normal, regular",1047
通,"traffic, pass through",通常,つうじょう,"common, ordinary",direct,,1123
通,"traffic, pass through",通勤,つうきん,commute,direct,,1177
交,"mingle, mixing",交通事故,こうつうじこ,traffic accident,direct,,575
交,"mingle, mixing",交通費,こうつうひ,"traveling expense, transportation cost",direct,,646
交,"mingle, mixing",交番,こうばん,police box,direct,,699
交,"mingle, mixing",交差点,こうさてん,"intersection, crossing",direct,,825
交,"mingle, mixing",交渉,こうしょう,"negotiation, bargaining",direct,,1191
路,"path, route",道路,どうろ,"road, street",direct,,579
地,"ground, earth",土地,とち,land,direct,,580
地,"ground, earth",地図,ちず,"map, atlas",direct,,581
地,"ground, earth",地下鉄,ちかてつ,subway,direct,,623
地,"ground, earth",番地,ばんち,"house number, address",direct,,700
地,"ground, earth",地球,ちきゅう,the Earth,direct,,1263
地,"ground, earth",地震,じしん,earthquake,direct,,1267
地,"ground, earth",地域,ちいき,"region, area",direct,,1441
渡,"transit, ford",渡す,わたす,"<!--anki-->hand over, carry across",direct,,587
渡,"transit, ford",渡る,わたる,"cross, ford, go across",direct,,588
度,"degrees, occurrence",年度,ねんど,"fiscal year, school year",direct,,589
度,"degrees, occurrence",今度,こんど,"this time, next time",direct,,590
度,"degrees, occurrence",何度,なんど,"how many degrees, how many times",direct,,592
度,"degrees, occurrence",温度,おんど,temperature,direct,,673
度,"degrees, occurrence",制度,せいど,"system, organization",direct,,766
度,"degrees, occurrence",程度,ていど,"degree, extent",direct,,1402
界,"world, boundary",世界,せかい,world,direct,,615
世,"generation, world",世界,せかい,world,direct,,615
世,"generation, world",世紀,せいき,century,direct,,1277
黒,black,黒い,くろい,black<div><br /></div>,direct,,616
黒,black,黒,くろ,black,direct,,617
黒,black,真っ黒,まっくろ,"deep-black, jet-black",direct,,966
黒,black,黒板,こくばん,blackboard,direct,,1471
銀,silver,銀行,ぎんこう,bank,direct,,621
銀,silver,銀,ぎん,silver,direct,,622
鉄,iron,地下鉄,ちかてつ,subway,direct,,623
肉,meat,牛肉,ぎゅうにく,beef,direct,,624
肉,meat,肉,にく,"meat, flesh",direct,,625
肉,meat,豚肉,ぶたにく,"pork, hog meat",direct,,1612
魚,fish,魚,さかな,fish,direct,,626
野,"plains, field",分野,ぶんや,"field, sphere",direct,,627
野,"plains, field",野菜,やさい,vegetable,direct,,628
野,"plains, field",野球,やきゅう,baseball,direct,,1264
菜,"vegetable, side dish",野菜,やさい,vegetable,direct,,628
味,"flavor, taste",味,あじ,"taste, flavor",direct,,635
味,"flavor, taste",意味,いみ,"meaning, significance",direct,,1074
味,"flavor, taste",趣味,しゅみ,"hobby, interest",figurative,"direction/lean + taste → ""taste"" extended to → hobby, interest",1329
味,"flavor, taste",味噌汁,みそしる,miso soup,direct,,1760
未,"un-, not yet",未来,みらい,future,direct,,636
末,"end, close",週末,しゅうまつ,weekend,direct,,637
料,"fee, materials",料理,りょうり,"cooking;<br>handling, management",direct,,638
料,"fee, materials",材料,ざいりょう,"ingredients, material",direct,,1083
料,"fee, materials",給料,きゅうりょう,"salary, pay",direct,,1186
理,"logic, arrangement",料理,りょうり,"cooking;<br>handling, management",direct,,638
理,"logic, arrangement",無理,むり,"unreasonable, impossible, forced",direct,,639
理,"logic, arrangement",理由,りゆう,"reason, cause",direct,,1025
理,"logic, arrangement",理科,りか,science,direct,,1062
理,"logic, arrangement",修理,しゅうり,"repair, mending",direct,,1204
理,"logic, arrangement",管理,かんり,"management, administration",figurative,"pipe/tube + manage → secondary sense of 管 as ""administer"" → management",1219
理,"logic, arrangement",処理,しょり,"processing,&nbsp;management<div>(unlike 加工, a new thing is not created)</div>",direct,,1410
無,"nothingness, none",無理,むり,"unreasonable, impossible, forced",direct,,639
無,"nothingness, none",無くなる,なくなる,"disappear, run short, get lost",direct,,642
無,"nothingness, none",無い,ない,to not be,direct,,1801
用,"utilize, business",用いる,もちいる,"use, make use of",direct,,644
用,"utilize, business",用事,ようじ,"things to do, errand, business",direct,,645
用,"utilize, business",利用,りよう,"utilization, usage",direct,,811
用,"utilize, business",用意,ようい,"prepare, ready oneself",direct,,1077
用,"utilize, business",採用,さいよう,employment,direct,,1185
費,"expense, cost",交通費,こうつうひ,"traveling expense, transportation cost",direct,,646
品,"goods, refinement",商品,しょうひん,"goods, commodities",direct,,653
品,"goods, refinement",作品,さくひん,"work of art, piece",direct,,654
品,"goods, refinement",品物,しなもの,"article, thing",direct,,718
商,"make a deal, selling",商品,しょうひん,"goods, commodities",direct,,653
商,"make a deal, selling",商業,しょうぎょう,"business, commerce",direct,,810
販,"marketing, sell",販売,はんばい,"sale, selling",direct,,655
階,"storey, stair",二階,にかい,"second floor, upstairs",direct,,656
階,"storey, stair",段階,だんかい,"stage, step",direct,,658
階,"storey, stair",階段,かいだん,"steps, flight of stairs",direct,,659
段,"grade, steps",段階,だんかい,"stage, step",direct,,658
段,"grade, steps",階段,かいだん,"steps, flight of stairs",direct,,659
段,"grade, steps",段々,だんだん,"gradually, one after another",direct,,660
段,"grade, steps",値段,ねだん,price,direct,,661
値,"price, cost",値段,ねだん,price,direct,,661
格,"status, rank",価格,かかく,"price, cost (formal)",direct,,662
格,"status, rank",合格,ごうかく,"passing an examination, eligibility",direct,,663
価,"value, price",価格,かかく,"price, cost (formal)",direct,,662
価,"value, price",評価,ひょうか,"evaluation, rating",direct,,1201
季,seasons,四季,しき,the four seasons,direct,,666
季,seasons,季節,きせつ,season,direct,,1127
温,warm,温度,おんど,temperature,direct,,673
温,warm,気温,きおん,atmospheric temperature,direct,,674
台,"pedestal, a stand",台,だい,"stand, platform",direct,,675
台,"pedestal, a stand",台風,たいふう,typhoon,figurative,"台 here ties to a historical transliteration, not simply ""platform""",677
台,"pedestal, a stand",台所,だいどころ,kitchen,direct,,704
情,"feelings, emotion",事情,じじょう,"circumstances, conditions",figurative,"matter + emotion/circumstance → the ""feel"" of a situation → circumstances",678
情,"feelings, emotion",情報,じょうほう,information,figurative,emotion/circumstance + report → a situation-report → information,680
報,"report, news",情報,じょうほう,information,figurative,emotion/circumstance + report → a situation-report → information,680
報,"report, news",報告,ほうこく,report,direct,,681
報,"report, news",天気予報,てんきよほう,weather forecast,direct,,863
告,"revelation, tell",報告,ほうこく,report,direct,,681
心,"heart, mind",中心,ちゅうしん,"center, middle, core",direct,,685
心,"heart, mind",安心,あんしん,"peace of mind, relief",direct,,686
心,"heart, mind",心配,しんぱい,"anxiety, worry, assistance",figurative,heart/mind + distribute → attention scattered in different directions → worry,725
解,"unravel, notes",解決,かいけつ,"solution, settlement",direct,,690
能,"ability, talent",能力,のうりょく,"ability, capacity",direct,,692
能,"ability, talent",可能,かのう,"possible, potential",direct,,693
能,"ability, talent",機能,きのう,"function, feature",direct,,1080
可,"can, passable",可能,かのう,"possible, potential",direct,,693
可,"can, passable",可,か,"permitted, OK",direct,,694
可,"can, passable",可愛い,かわいい,"cute, charming, sweet",direct,,1423
郵,"mail, stagecoach stop",郵便,ゆうびん,mail,direct,,695
郵,"mail, stagecoach stop",郵便屋さん,ゆうびんやさん,mailman,direct,,697
郵,"mail, stagecoach stop",郵便局,ゆうびんきょく,post office,direct,,698
便,"convenience, facility",郵便,ゆうびん,mail,direct,,695
便,"convenience, facility",不便,ふべん,inconvenient,direct,,696
便,"convenience, facility",郵便屋さん,ゆうびんやさん,mailman,direct,,697
便,"convenience, facility",郵便局,ゆうびんきょく,post office,direct,,698
便,"convenience, facility",便所,べんじょ,"bathroom, lavatory",direct,,706
便,"convenience, facility",便利,べんり,"convenience, handiness",direct,,812
便,"convenience, facility",航空便,こうくうびん,airmail,direct,,1104
便,"convenience, facility",船便,ふなびん,surface mail&nbsp;(ship),direct,,1105
不,"negative, non-",不便,ふべん,inconvenient,direct,,696
不,"negative, non-",不動産屋,ふどうさんや,"real estate agent, realtor",figurative,不動 (un-moving) property + shop,911
不,"negative, non-",不親切,ふしんせつ,"unkind, inattentive",direct,,1006
不,"negative, non-",不幸,ふこう,"unhappiness, misfortune, a death",direct,,1378
局,"bureau, board",郵便局,ゆうびんきょく,post office,direct,,698
号,"nickname, number",番号,ばんごう,number,direct,,701
号,"nickname, number",信号,しんごう,"signal, traffic light",direct,,1028
所,"place, extent",場所,ばしょ,"place, space",direct,,702
所,"place, extent",近所,きんじょ,neighborhood,direct,,703
所,"place, extent",台所,だいどころ,kitchen,direct,,704
所,"place, extent",住所,じゅうしょ,"address, one's dwelling",direct,,705
所,"place, extent",便所,べんじょ,"bathroom, lavatory",direct,,706
所,"place, extent",事務所,じむしょ,"office, one's place of business",direct,,1179
所,"place, extent",洗面所,せんめんじょ,"washroom, bathroom",direct,,1242
所,"place, extent",停留所,ていりゅうじょ,"stop, station",direct,,1316
有,"possess, have",有名,ゆうめい,famous,direct,,707
氏,"family name, surname",氏名,しめい,full name,direct,,710
各,"each, every",各国,かっこく,every country,direct,,711
町,"town, village",町,まち,"town, city quarter",direct,,712
都,"metropolis, capital",都市,とし,"city, urban community",direct,,713
都,"metropolis, capital",都合,つごう,circumstances,figurative,"capital/all + fit/join → doesn't map directly → circumstances, convenience",714
都,"metropolis, capital",首都,しゅと,capital,figurative,"neck/head + capital → ""head"" extended to ""leading"" → capital city",1162
市,"market, city",都市,とし,"city, urban community",direct,,713
市,"market, city",市民,しみん,"citizens, townsmen",direct,,1030
荷,"baggage, shoulder-pole load",荷物,にもつ,"baggage, package",direct,,717
配,"distribute, spouse",配る,くばる,"hand out, distribute",direct,,723
配,"distribute, spouse",配達,はいたつ,delivery,direct,,724
配,"distribute, spouse",心配,しんぱい,"anxiety, worry, assistance",figurative,heart/mind + distribute → attention scattered in different directions → worry,725
受,"accept, undergo",受ける,うける,"receive, accept",direct,,728
受,"accept, undergo",受け取る,うけとる,"get (st from so), receive<div>take (as in take as an insult)</div>",direct,,729
受,"accept, undergo",受け付ける,うけつける,"accept, receive",direct,,1355
受,"accept, undergo",受付,うけつけ,"receptionist, front desk",direct,,1358
届,"deliver, reach",届く,とどく,"reach, be delivered",direct,,732
届,"deliver, reach",届ける,とどける,"deliver, notify",direct,,733
打,"strike, hit",打つ,うつ,"hit, strike",direct,,739
投,"throw, discard",投げる,なげる,"throw, give up",direct,,740
投,"throw, discard",投資,とうし,investment,direct,,1116
性,"sex, gender",女性,じょせい,"female, woman (formal)",direct,,743
産,"products, bear",生産,せいさん,production,direct,,744
産,"products, bear",お土産,おみやげ,souvenir,direct,,745
産,"products, bear",産業,さんぎょう,industry,direct,,808
産,"products, bear",不動産屋,ふどうさんや,"real estate agent, realtor",figurative,不動 (un-moving) property + shop,911
活,"lively, resuscitation",生活,せいかつ,"life, living",direct,,747
活,"lively, resuscitation",活動,かつどう,activity,direct,,908
徒,"on foot, junior",生徒,せいと,"pupil, student",direct,,748
育,"bring up, grow up",教育,きょういく,education,direct,,762
育,"bring up, grow up",育てる,そだてる,"raise, bring up",direct,,763
育,"bring up, grow up",育つ,そだつ,"grow, be raised",direct,,765
制,"system, law",制度,せいど,"system, organization",direct,,766
押,"push, stop",押さえる,おさえる,"hold down, hold back",direct,,771
押,"push, stop",押し入れ,おしいれ,closet,direct,,772
練,"practice, gloss",練習,れんしゅう,"practice, training",direct,,773
習,learn,練習,れんしゅう,"practice, training",direct,,773
習,learn,習う,ならう,"learn, practice",direct,,775
習,learn,習慣,しゅうかん,"custom, habit",direct,,777
習,learn,予習,よしゅう,preparation for class,direct,,865
習,learn,自習,じしゅう,"self-study, self-teaching",direct,,1024
習,learn,復習,ふくしゅう,review,direct,,1312
慣,"accustomed, get used to",慣れる,なれる,grow accustomed to,direct,,776
慣,"accustomed, get used to",習慣,しゅうかん,"custom, habit",direct,,777
研,"polish, study of",研究,けんきゅう,"research, study",direct,,778
究,"research, study",研究,けんきゅう,"research, study",direct,,778
験,"verification, effect",試験,しけん,"exam, test",direct,,779
験,"verification, effect",経験,けいけん,experience,direct,,800
験,"verification, effect",実験,じっけん,experiment,direct,,924
試,"test, try",試験,しけん,"exam, test",direct,,779
題,"topic, subject",問題,もんだい,"problem, question",direct,,780
題,"topic, subject",宿題,しゅくだい,homework,direct,,997
題,"topic, subject",課題,かだい,"task, problem",direct,,1018
簡,"simplicity, brevity",簡単,かんたん,"simple, easy",direct,,781
単,"simple, one",簡単,かんたん,"simple, easy",direct,,781
雑,miscellaneous,複雑,ふくざつ,"complicated, intricate",direct,,782
雑,miscellaneous,雑誌,ざっし,"magazine, journal",direct,,945
複,"duplicate, double",複雑,ふくざつ,"complicated, intricate",direct,,782
回,"-times, round",今回,こんかい,this time,direct,,786
回,"-times, round",回る,まわる,"turn round, go round, detour",direct,,787
回,"-times, round",回す,まわす,"turn, rotate",direct,,788
個,"individual, counter for articles",個人,こじん,"individual, personal",direct,,789
担,"shouldering, carry",担当,たんとう,in charge (of something),direct,,790
然,"sort of thing, so",当然,とうぜん,"naturally, of course",direct,,794
然,"sort of thing, so",全然,ぜんぜん,"(not) at all, totally (not)",direct,,795
然,"sort of thing, so",自然,しぜん,nature,direct,,1022
然,"sort of thing, so",自然,しぜん,"natural, naturally",direct,,1023
法,"method, law",方法,ほうほう,"way, method, procedure",direct,,796
法,"method, law",法律,ほうりつ,law,direct,,797
律,"rhythm, law",法律,ほうりつ,law,direct,,797
則,"rule, follow",規則,きそく,"rule, regulation",direct,,798
規,"standard, measure",規則,きそく,"rule, regulation",direct,,798
規,"standard, measure",規模,きぼ,"scale (big, smallなど), scope",direct,,1383
経,"sutra, longitude",経験,けいけん,experience,direct,,800
経,"sutra, longitude",経つ,たつ,"pass, elapse",direct,,801
経,"sutra, longitude",経済,けいざい,"economy, economics",direct,,802
経,"sutra, longitude",経営,けいえい,"management, operation",direct,,803
済,"settle (debt, etc.), relieve (burden)",経済,けいざい,"economy, economics",direct,,802
営,"occupation, camp",経営,けいえい,"management, operation",direct,,803
株,"stocks, stump",株,かぶ,"stocks, shares",direct,,805
企,"undertake, scheme",企業,きぎょう,"business, corporation",direct,,806
利,"profit, advantage",利用,りよう,"utilization, usage",direct,,811
利,"profit, advantage",便利,べんり,"convenience, handiness",direct,,812
技,"skill, art",技術,ぎじゅつ,"skill, technology",direct,,813
術,"art, technique",技術,ぎじゅつ,"skill, technology",direct,,813
術,"art, technique",手術,しゅじゅつ,surgical operation,direct,,814
術,"art, technique",美術館,びじゅつかん,art museum,direct,,1505
製,"made in..., manufacture",製造,せいぞう,"production, manufacture",direct,,815
造,"create, make",製造,せいぞう,"production, manufacture",direct,,815
造,"create, make",構造,こうぞう,"structure, the construction",direct,,1282
必,"invariably, certain",必ず,かならず,"without fail, certainly",direct,,816
必,"invariably, certain",必要,ひつよう,"need, necessity",direct,,817
求,"request, want",要求,ようきゅう,"requirement, demand",direct,,819
算,"calculate, divining",計算,けいさん,calculation,direct,,822
算,"calculate, divining",引き算,ひきざん,subtraction,direct,,823
算,"calculate, divining",足し算,たしざん,addition,direct,,824
算,"calculate, divining",割り算,わりざん,division,direct,,828
算,"calculate, divining",掛け算,かけざん,multiplication,direct,,1649
差,"distinction, difference",交差点,こうさてん,"intersection, crossing",direct,,825
差,"distinction, difference",差,さ,difference,direct,,1774
点,"spot, point",交差点,こうさてん,"intersection, crossing",direct,,825
割,"proportion, comparatively",割る,わる,"divide (st), crack, split",direct,,826
割,"proportion, comparatively",割れる,われる,"(st) cracks, splits, breaks (が)",direct,,827
割,"proportion, comparatively",割り算,わりざん,division,direct,,828
残,"remainder, leftover",残る,のこる,"remain, be left over",direct,,829
残,"remainder, leftover",残す,のこす,"leave, reserve, leave undone",direct,,830
残,"remainder, leftover",残念,ざんねん,"regretful, disappointing",direct,,1364
返,"return, answer",返す,かえす,"return, repay",direct,,831
返,"return, answer",返事,へんじ,"answer, reply",direct,,832
返,"return, answer",繰り返す,くりかえす,repeat を,direct,,1314
返,"return, answer",裏返す,うらがえす,"turn over, turn inside out",direct,,1341
借,"borrow, rent",借りる,かりる,borrow,direct,,833
貸,lend,貸す,かす,"lend, rent",direct,,834
貸,lend,貸し出す,かしだす,lend out<br>(used for businesses/banks),direct,,835
申,"have the honor to, sign of the monkey",申し込む,もうしこむ,"apply for, make a proposal",direct,,836
込,"crowded, mixture",申し込む,もうしこむ,"apply for, make a proposal",direct,,836
期,"period, time",期待,きたい,"expectation, anticipation",direct,,837
期,"period, time",期間,きかん,period (of time),direct,,839
期,"period, time",時期,じき,"time, period, season",direct,,840
期,"period, time",定期券,ていきけん,commuter pass,direct,,861
限,"limit, restrict",限る,かぎる,be limited to,direct,,841
急,"hurry, emergency",急ぐ,いそぐ,"hurry, hasten",direct,,842
急,"hurry, emergency",急に,きゅうに,"suddenly, unexpectedly",direct,,843
急,"hurry, emergency",急,きゅう,"urgent, sudden, steep",direct,,844
急,"hurry, emergency",急行,きゅうこう,"express train, going in a hurry",direct,,845
急,"hurry, emergency",特急,とっきゅう,limited express (train),direct,,1041
急,"hurry, emergency",救急車,きゅうきゅうしゃ,ambulance,direct,,1215
符,"token, sign",切符,きっぷ,ticket,figurative,cut + tally/tag → a cut token → ticket,851
券,ticket,入場券,にゅうじょうけん,entrance ticket,direct,,852
券,ticket,定期券,ていきけん,commuter pass,direct,,861
賃,"fare, fee",家賃,やちん,rent (money),direct,,853
代,"substitute, change",時代,じだい,"age, era, antiquity",direct,,854
代,"substitute, change",代わる,かわる,"take (st/sb's) place, substitute for",direct,,855
代,"substitute, change",代える,かえる,"replace (O1を) with (O2に), substitute",direct,,856
代,"substitute, change",代表,だいひょう,representative,direct,,939
指,"finger, point to",指,ゆび,"finger, toe",direct,,857
指,"finger, point to",指輪,ゆびわ,ring,direct,,1310
定,"determine, fix",決定,けってい,decision,direct,,858
定,"determine, fix",一定,いってい,"constant, fixed",direct,,860
定,"determine, fix",定期券,ていきけん,commuter pass,direct,,861
定,"determine, fix",予定,よてい,"schedule, plan",direct,,862
予,"beforehand, previous",予定,よてい,"schedule, plan",direct,,862
予,"beforehand, previous",天気予報,てんきよほう,weather forecast,direct,,863
予,"beforehand, previous",予習,よしゅう,preparation for class,direct,,865
予,"beforehand, previous",予約,よやく,"reservation, subscription, appointment",direct,,866
約,"promise, approximately",予約,よやく,"reservation, subscription, appointment",direct,,866
約,"promise, approximately",約束,やくそく,"promise, vow",direct,,867
約,"promise, approximately",契約,けいやく,"contract, agreement",direct,,1190
束,"bundle, sheaf",約束,やくそく,"promise, vow",direct,,867
化,"change, take the form of",変化,へんか,change,direct,,872
化,"change, take the form of",強化,きょうか,strengthening,direct,,873
化,"change, take the form of",文化,ぶんか,culture,direct,,874
化,"change, take the form of",化粧,けしょう,"makeup, put on makeup",direct,,1593
増,"increase, add",増える,ふえる,"increase, accrue が",direct,,875
増,"increase, add",増やす,ふやす,"increase (something), add を",direct,,876
増,"increase, add",増加,ぞうか,"increase, gain",direct,,1196
減,"dwindle, decrease",減る,へる,"decrease, diminish が",direct,,877
減,"dwindle, decrease",減らす,へらす,"decrease (something), reduce を",direct,,878
降,"descend, precipitate",降りる,おりる,"get off, land",direct,,880
降,"descend, precipitate",降ろす,おろす,"unload, lower",direct,,881
降,"descend, precipitate",降る,ふる,"fall, come down, rain",direct,,882
脱,"undress, removing",脱ぐ,ぬぐ,"remove clothes, take off",direct,,888
役,"duty, war",役に立つ,やくにたつ,"be useful, be helpful",figurative,role + stand → fulfills its role → useful,892
席,"seat, mat",出席,しゅっせき,"attendance, presence",direct,,893
席,"seat, mat",席,せき,"seat, one's place",direct,,895
席,"seat, mat",欠席,けっせき,"absence, non-attendance",direct,,896
欠,"lack, gap",欠席,けっせき,"absence, non-attendance",direct,,896
運,"carry, luck",運ぶ,はこぶ,"carry, transport",direct,,899
運,"carry, luck",運転,うんてん,drive,direct,,900
運,"carry, luck",運転手,うんてんしゅ,driver,direct,,901
運,"carry, luck",運動,うんどう,"exercise, movement",direct,,906
移,"shift, move",移る,うつる,"move, shift が",direct,,903
移,"shift, move",移す,うつす,"move (something), shift, transfer",direct,,904
在,"exist, outskirts",現在,げんざい,"the present, present time",direct,,919
在,"exist, outskirts",存在,そんざい,"existence, being",direct,,1071
現,"present, existing",現在,げんざい,"the present, present time",direct,,919
現,"present, existing",実現,じつげん,"realization, fulfillment",direct,,920
現,"present, existing",表現,ひょうげん,"expression (of views, feelings, etc.)",direct,,938
実,"reality, truth",実現,じつげん,"realization, fulfillment",direct,,920
実,"reality, truth",実施,じっし,"being in effect, implementation",direct,,921
実,"reality, truth",事実,じじつ,"fact, truth",direct,,922
実,"reality, truth",実行,じっこう,"(putting into) practice, execution",direct,,923
実,"reality, truth",実験,じっけん,experiment,direct,,924
実,"reality, truth",実際,じっさい,"reality, truth, the actual situation",direct,,1102
施,"give, bestow",実施,じっし,"being in effect, implementation",direct,,921
施,"give, bestow",施設,しせつ,"facilities, institution",direct,,1092
過,"overdo, exceed",通過,つうか,"passing, passage",direct,,925
過,"overdo, exceed",過ぎる,すぎる,"pass by, exceed",direct,,926
過,"overdo, exceed",昼過ぎ,ひるすぎ,just past noon,direct,,927
過,"overdo, exceed",過去,かこ,the past,direct,,929
発,"departure, discharge",開発,かいはつ,development,direct,,930
発,"departure, discharge",発生,はっせい,"occurrence, happening",direct,,931
発,"departure, discharge",発言,はつげん,"statement, remark",direct,,932
発,"departure, discharge",発見,はっけん,"discovery, revelation",direct,,933
発,"departure, discharge",出発,しゅっぱつ,"departure, starting",direct,,934
発,"departure, discharge",発車,はっしゃ,"depart, leave (for vehicles)",direct,,935
発,"departure, discharge",発表,はっぴょう,announcement,direct,,936
表,"surface, table",発表,はっぴょう,announcement,direct,,936
表,"surface, table",表現,ひょうげん,"expression (of views, feelings, etc.)",direct,,938
表,"surface, table",代表,だいひょう,representative,direct,,939
表,"surface, table",表,おもて,"front side, face, outside",direct,,940
表,"surface, table",表,ひょう,"list, table",direct,,941
絵,"picture, drawing",絵,え,"picture, painting, drawing",direct,,944
絵,"picture, drawing",絵葉書,えはがき,picture postcard,direct,,1476
誌,"document, records",雑誌,ざっし,"magazine, journal",direct,,945
誌,"document, records",週刊誌,しゅうかんし,weekly magazine,direct,,1342
音,"sound, noise",音,おと,"sound, noise",direct,,946
音,"sound, noise",音,おと,sound,direct,,948
音,"sound, noise",音楽,おんがく,music,direct,,949
音,"sound, noise",録音,ろくおん,audio recording,direct,,1141
薬,"medicine, chemical",薬,くすり,"drug, remedy, chemical",direct,,950
薬,"medicine, chemical",風邪薬,かぜぐすり,remedy for a cold,direct,,1720
袋,"sack, bag",ビニール袋,ビニールぶくろ,plastic bag,direct,,952
袋,"sack, bag",手袋,てぶくろ,gloves,direct,,1626
袋,"sack, bag",袋,ふくろ,"bag, sack",direct,,1627
画,"brush-stroke, picture",計画,けいかく,"plan, project",direct,,955
画,"brush-stroke, picture",映画,えいが,movie,direct,,956
画,"brush-stroke, picture",映画館,えいがかん,movie theater,direct,,996
映,"reflect, reflection",映画,えいが,movie,direct,,956
映,"reflect, reflection",映画館,えいがかん,movie theater,direct,,996
面,"mask, face",面白い,おもしろい,"interesting, amusing",figurative,face + white → a face brightened (by delight) → interesting,958
面,"mask, face",真面目,まじめ,"serious, sober, earnest",direct,,963
面,"mask, face",洗面所,せんめんじょ,"washroom, bathroom",direct,,1242
写,"copy, be photographed",写る,うつる,"<div>to appear in a photo, (picture) to come out well</div>",direct,,959
写,"copy, be photographed",写す,うつす,"copy, photograph",direct,,960
写,"copy, be photographed",写真,しゃしん,photograph,direct,,961
真,"true, reality",写真,しゃしん,photograph,direct,,961
真,"true, reality",真っ赤,まっか,deep red,direct,,962
真,"true, reality",真面目,まじめ,"serious, sober, earnest",direct,,963
真,"true, reality",真っ白,まっしろ,pure-white,direct,,964
真,"true, reality",真っ暗,まっくら,pitch-dark,direct,,965
真,"true, reality",真っ黒,まっくろ,"deep-black, jet-black",direct,,966
真,"true, reality",真っ青,まっさお,"deep-blue, pale (skin)",direct,,967
真,"true, reality",真っ直ぐ,まっすぐ,"dead straight, honestly",direct,,975
真,"true, reality",真ん中,まんなか,"center, middle",direct,,1896
形,"shape, form",人形,にんぎょう,doll,direct,,969
形,"shape, form",形,かたち,"shape, form",direct,,970
型,"mould, type",大型,おおがた,"large, large scale",direct,,971
類,"sort, kind",種類,しゅるい,"kind, variety, species",direct,,972
種,"species, kind",種類,しゅるい,"kind, variety, species",direct,,972
接,"touch, contact",直接,ちょくせつ,directly,direct,,976
角,"angle, corner",角,かど,"corner, edge, angle",direct,,977
角,"angle, corner",三角,さんかく,triangle,direct,,979
角,"angle, corner",四角,しかく,"square, quadrilateral",direct,,980
角,"angle, corner",四角い,しかくい,"square, four-sided",direct,,981
角,"angle, corner",四つ角,よつかど,"street corner, intersection",direct,,982
角,"angle, corner",曲がり角,まがりかど,street corner,direct,,985
様,"esq., way",同様,どうよう,"similar, same",direct,,986
様,"esq., way",皆様,みなさま,everyone (敬語),direct,,1418
似,"becoming, resemble",似ている,にている,"look like, resemble",direct,,990
以,"by means of, because",以上,いじょう,"more than,&nbsp;not less than",figurative,"by means of + above → ""from above this point"" → more than",992
旅,"trip, travel",旅行,りょこう,"travel, trip",direct,,993
旅,"trip, travel",旅館,りょかん,Japanese inn,direct,,995
宿,"inn, lodging",宿題,しゅくだい,homework,direct,,997
洋,"ocean, sea",洋服,ようふく,clothes,direct,,1000
室,"room, apartment",教室,きょうしつ,"classroom, class",direct,,1001
室,"room, apartment",図書室,としょしつ,library room,direct,,1002
室,"room, apartment",事務室,じむしつ,office,direct,,1180
窓,"window, pane",窓,まど,"window, windowpane",direct,,1003
族,"tribe, family",家族,かぞく,"family, household",direct,,1007
歳,"year-end, age",万歳,ばんざい,Banzai! Hurrah! Long live...!,direct,,1008
歳,"year-end, age",二十歳,はたち,20 years old,direct,,1009
者,"someone, person",若者,わかもの,"young person, youth",direct,,1012
者,"someone, person",医者,いしゃ,doctor,direct,,1055
者,"someone, person",お医者さん,おいしゃさん,doctor,direct,,1056
者,"someone, person",歯医者,はいしゃ,dentist,direct,,1057
者,"someone, person",記者,きしゃ,"journalist, reporter",direct,,1139
者,"someone, person",患者,かんじゃ,patient,direct,,1435
者,"someone, person",業者,ぎょうしゃ,business man,direct,,1907
果,"fruit, reward",結果,けっか,"result, outcome",direct,,1016
果,"fruit, reward",果物,くだもの,fruit,direct,,1017
果,"fruit, reward",効果,こうか,"effect, result",direct,,1020
課,"chapter, lesson",課題,かだい,"task, problem",direct,,1018
課,"chapter, lesson",課,か,"section, division, lesson",direct,,1019
効,"merit, efficacy",効果,こうか,"effect, result",direct,,1020
由,"wherefore, a reason",理由,りゆう,"reason, cause",direct,,1025
由,"wherefore, a reason",自由,じゆう,"freedom, free",direct,,1026
信,"faith, truth",信じる,しんじる,"believe, trust, have faith in",direct,,1027
信,"faith, truth",信号,しんごう,"signal, traffic light",direct,,1028
頼,"trust, request",頼む,たのむ,"ask, request",direct,,1029
民,"people, nation",市民,しみん,"citizens, townsmen",direct,,1030
民,"people, nation",住民,じゅうみん,"residents, inhabitants",direct,,1032
議,"deliberation, consultation",議員,ぎいん,legislator,direct,,1034
議,"deliberation, consultation",会議,かいぎ,"conference, meeting",direct,,1035
対,"vis-a-vis, opposite",対する,たいする,"in response to, face",direct,,1036
対,"vis-a-vis, opposite",対立,たいりつ,"opposition, antagonism",direct,,1037
対,"vis-a-vis, opposite",反対,はんたい,"oppose, the opposite",direct,,1038
対,"vis-a-vis, opposite",対策,たいさく,"measure, countermeasure",direct,,1155
対,"vis-a-vis, opposite",対象,たいしょう,"target, subject",figurative,"face/pair + image/symbol → the ""image"" one faces → target, subject",1202
対,"vis-a-vis, opposite",絶対に,ぜったいに,"absolutely, unconditionally",figurative,"cut off + face/opposite → ""nothing opposing it"" → absolutely",1551
反,anti-,反対,はんたい,"oppose, the opposite",direct,,1038
特,special,特に,とくに,"specially, particularly",direct,,1040
特,special,特急,とっきゅう,limited express (train),direct,,1041
特,special,特別,とくべつ,"special, extraordinary",direct,,1042
特,special,特徴,とくちょう,distinguishing characteristic,direct,,1511
般,"carrier, carry",一般,いっぱん,"general, common",figurative,"one + sort/kind → ""of one kind"" → general, common",1045
的,"bull's eye, mark",目的,もくてき,"objective, purpose",figurative,"eye + -like/aim → the eye extended to ""aim"" → objective, purpose",1046
的,"bull's eye, mark",具体的,ぐたいてき,"specific, concrete",figurative,"tool/equip + body → ""equipped with a body"" → concrete, specific",1084
普,"universal, wide(ly)",普通,ふつう,"normal, regular",figurative,"spread/universal + pass through → widely passing through → normal, regular",1047
普,"universal, wide(ly)",普及,ふきゅう,"spreading, becoming popular",direct,,1480
並,"row, and",並ぶ,ならぶ,"line up, be parallel",direct,,1048
並,"row, and",並べる,ならべる,"line (st) up, display, set up",direct,,1049
和,"harmony, japanese style",平和,へいわ,"peace, harmony",direct,,1050
和,"harmony, japanese style",昭和,しょうわ,Showa era,direct,,1723
等,"etc., and so forth",高等学校,こうとうがっこう,senior high school,direct,,1051
院,"inst., institution",病院,びょういん,hospital,direct,,1052
院,"inst., institution",入院,にゅういん,be hospitalized,direct,,1053
院,"inst., institution",大学院,だいがくいん,graduate school,direct,,1054
院,"inst., institution",退院,たいいん,discharge from a hospital,direct,,1189
院,"inst., institution",美容院,びよういん,hair salon,direct,,1507
医,"doctor, medicine",医者,いしゃ,doctor,direct,,1055
医,"doctor, medicine",お医者さん,おいしゃさん,doctor,direct,,1056
医,"doctor, medicine",歯医者,はいしゃ,dentist,direct,,1057
歯,"tooth, cog",歯医者,はいしゃ,dentist,direct,,1057
歯,"tooth, cog",歯,は,"tooth, cog",direct,,1058
歯,"tooth, cog",歯ブラシ,はぶらし,toothbrush,direct,,1059
歯,"tooth, cog",歯磨き,はみがき,"toothpaste, brushing one's teeth",direct,,1746
科,"department, course",科学,かがく,science,direct,,1060
科,"department, course",教科書,きょうかしょ,"textbook, schoolbook",direct,,1061
科,"department, course",理科,りか,science,direct,,1062
亡,"deceased, the late",亡くなる,なくなる,"die, pass away",direct,,1063
忙,"busy, occupied",忙しい,いそがしい,"busy, occupied",direct,,1064
疲,"exhausted, tire",疲れる,つかれる,"get tired, become fatigued",direct,,1065
禁,"prohibition, ban",禁煙,きんえん,"no smoking, giving up smoking",direct,,1066
煙,smoke,禁煙,きんえん,"no smoking, giving up smoking",direct,,1066
煙,smoke,煙草,たばこ,"tobacco, cigarette",direct,,1648
酔,"drunk, feel sick",酔っ払い,よっぱらい,drunk person,direct,,1067
酔,"drunk, feel sick",酔っ払う,よっぱらう,get drunk,direct,,1068
危,"dangerous, fear",危ない,あぶない,"dangerous, uncertain",direct,,1069
危,"dangerous, fear",危険,きけん,"danger, dangerous",direct,,1070
険,"precipitous, inaccessible place",危険,きけん,"danger, dangerous",direct,,1070
存,"exist, suppose",存在,そんざい,"existence, being",direct,,1071
注,"pour, irrigate",注目,ちゅうもく,"attention, notice",figurative,"pour + eye → pouring your gaze → attention, notice",1072
注,"pour, irrigate",注文,ちゅうもん,"order, request",figurative,pour + writing/words → placing a request → order,1073
注,"pour, irrigate",注意,ちゅうい,"attention, care, watch out",figurative,pour + mind/intent → pouring your attention → caution,1076
注,"pour, irrigate",注射,ちゅうしゃ,"shot, injection",figurative,"pour + shoot → ""pouring/shooting in"" → injection",1401
意,"idea, mind",意味,いみ,"meaning, significance",direct,,1074
意,"idea, mind",意見,いけん,opinion,direct,,1075
意,"idea, mind",注意,ちゅうい,"attention, care, watch out",figurative,pour + mind/intent → pouring your attention → caution,1076
意,"idea, mind",用意,ようい,"prepare, ready oneself",direct,,1077
意,"idea, mind",得意,とくい,"one's forte, pride, frequent customer",figurative,"gain + mind/idea → one's strong point, pride",1450
確,"assurance, firm",確か,たしか,"for sure, for certain",direct,,1078
確,"assurance, firm",確認,かくにん,confirmation,direct,,1079
確,"assurance, firm",正確,せいかく,"accurate, precise",direct,,1118
認,"acknowledge, witness",確認,かくにん,confirmation,direct,,1079
械,"contraption, fetter",機械,きかい,machine,direct,,1082
材,"lumber, log",材料,ざいりょう,"ingredients, material",direct,,1083
具,"tool, utensil",具体的,ぐたいてき,"specific, concrete",figurative,"tool/equip + body → ""equipped with a body"" → concrete, specific",1084
具,"tool, utensil",文房具,ぶんぼうぐ,"stationery, writing materials",direct,,1304
基,"fundamentals, radical (chem)",基づく,もとづく,be based on,direct,,1085
基,"fundamentals, radical (chem)",基本,きほん,"basis, foundation",direct,,1086
基,"fundamentals, radical (chem)",基準,きじゅん,"standard, criteria",direct,,1087
準,"semi-, correspond to",基準,きじゅん,"standard, criteria",direct,,1087
準,"semi-, correspond to",準備,じゅんび,"prepare for, ready for",direct,,1090
備,"equip, provision",備える,そなえる,"prepare for (disaster), equip (st) with",direct,,1089
備,"equip, provision",準備,じゅんび,"prepare for, ready for",direct,,1090
設,"establishment, provision",設計,せっけい,"design, plan",direct,,1091
設,"establishment, provision",施設,しせつ,"facilities, institution",direct,,1092
設,"establishment, provision",設ける,もうける,"set up, establish, prepare",direct,,1093
設,"establishment, provision",建設,けんせつ,"construction, establishment",direct,,1278
説,"opinion, theory",説明,せつめい,"explanation, description",direct,,1094
説,"opinion, theory",小説,しょうせつ,"novel, story",direct,,1095
公,"public, prince",公開,こうかい,opening (to the public),direct,,1096
公,"public, prince",公園,こうえん,"park, public garden",direct,,1098
園,"park, garden",公園,こうえん,"park, public garden",direct,,1098
園,"park, garden",動物園,どうぶつえん,zoo,direct,,1099
園,"park, garden",幼稚園,ようちえん,kindergarten,direct,,1670
祭,"ritual, offer prayers",祭り,まつり,festival,direct,,1100
際,"occasion, side",国際,こくさい,international,direct,,1101
際,"occasion, side",実際,じっさい,"reality, truth, the actual situation",direct,,1102
航,"navigate, sail",航空便,こうくうびん,airmail,direct,,1104
船,"ship, boat",船便,ふなびん,surface mail&nbsp;(ship),direct,,1105
船,"ship, boat",船,ふね,"ship, boat, vessel",direct,,1106
港,harbor,空港,くうこう,airport,direct,,1107
港,harbor,港,みなと,"port, harbor",direct,,1108
島,island,島,しま,"island, isle",direct,,1109
完,"perfect, completion",完成,かんせい,"completion, finish",direct,,1110
成,"turn into, become",完成,かんせい,"completion, finish",direct,,1110
成,"turn into, become",平成,へいせい,Heisei era,direct,,1111
成,"turn into, become",成功,せいこう,success,direct,,1112
成,"turn into, become",成績,せいせき,"grade (school), results, record",direct,,1182
成,"turn into, become",構成,こうせい,"organization, makeup",direct,,1281
功,"achievement, merits",成功,せいこう,success,direct,,1112
原,"meadow, original",原因,げんいん,"cause, origin",direct,,1113
因,"cause, factor",原因,げんいん,"cause, origin",direct,,1113
資,"assets, resources",資金,しきん,"funds, a fund",direct,,1115
資,"assets, resources",投資,とうし,investment,direct,,1116
正,"correct, justice",正確,せいかく,"accurate, precise",direct,,1118
正,"correct, justice",正しい,ただしい,"correct, righteous, lawful",direct,,1119
正,"correct, justice",正月,しょうがつ,New Year,direct,,1120
正,"correct, justice",正直,しょうじき,"honest, upright",direct,,1121
異,"uncommon, different",異なる,ことなる,differ,direct,,1122
常,"usual, ordinary",通常,つうじょう,"common, ordinary",direct,,1123
常,"usual, ordinary",非常に,ひじょうに,"very, extremely",direct,,1124
非,"un-, mistake",非常に,ひじょうに,"very, extremely",direct,,1124
調,"tune, tone",調べる,しらべる,"search (for), examine",direct,,1125
調,"tune, tone",強調,きょうちょう,"emphasis, stress",direct,,1126
調,"tune, tone",調査,ちょうさ,"investigation, examination",direct,,1128
節,"node, season",季節,きせつ,season,direct,,1127
査,investigate,調査,ちょうさ,"investigation, examination",direct,,1128
提,"propose, take along",提供,ていきょう,"offer, provide",direct,,1129
提,"propose, take along",提案,ていあん,"proposition, proposal",direct,,1130
案,"plan, suggestion",提案,ていあん,"proposition, proposal",direct,,1130
案,"plan, suggestion",案内,あんない,"guide, inform",direct,,1131
示,"show, indicate",示す,しめす,"show, indicate",direct,,1132
示,"show, indicate",掲示板,けいじばん,"notice board, bulletin board",direct,,1472
連,"take along, lead",連れて行く,つれていく,take (a person) along,direct,,1133
連,"take along, lead",連れて来る,つれてくる,bring (a person),direct,,1134
連,"take along, lead",関連,かんれん,"connection, relation",direct,,1145
相,"inter-, mutual",相手,あいて,"opponent, partner",figurative,"mutual + hand → the ""hand"" you're paired with → the other party",1136
相,"inter-, mutual",相談,そうだん,"consultation, advice",direct,,1138
相,"inter-, mutual",首相,しゅしょう,prime minister,figurative,"neck/head + minister → ""head"" extended to ""chief"" → prime minister",1161
談,"discuss, talk",会談,かいだん,"conference, talk",direct,,1137
談,"discuss, talk",相談,そうだん,"consultation, advice",direct,,1138
談,"discuss, talk",冗談,じょうだん,joke,direct,,1662
録,record,記録,きろく,"record, documentation",direct,,1140
録,record,録音,ろくおん,audio recording,direct,,1141
登,"ascend, climb up",登る,のぼる,"climb, mount, go up",direct,,1142
関,"connection, barrier",関する,かんする,"concern, relate to",direct,,1144
関,"connection, barrier",関連,かんれん,"connection, relation",direct,,1145
関,"connection, barrier",関係,かんけい,"relation, relationship",figurative,barrier/connection + tie → doesn't map directly → relationship,1146
関,"connection, barrier",玄関,げんかん,"entrance, doorway",figurative,"originally a Zen Buddhist term for ""the gate to mysteries"" → entrance, doorway",1640
係,"person in charge, connection",関係,かんけい,"relation, relationship",figurative,barrier/connection + tie → doesn't map directly → relationship,1146
況,"condition, situation",状況,じょうきょう,"situation, conditions&nbsp;",direct,,1147
状,"status quo, conditions",状況,じょうきょう,"situation, conditions&nbsp;",direct,,1147
状,"status quo, conditions",状態,じょうたい,"state, appearance (of a thing)",direct,,1149
状,"status quo, conditions",年賀状,ねんがじょう,New Year's card,direct,,1736
態,"attitude, condition",状態,じょうたい,"state, appearance (of a thing)",direct,,1149
治,"reign, be at peace",治る,なおる,"get better,&nbsp;be cured",direct,,1150
治,"reign, be at peace",政治,せいじ,politics,direct,,1151
治,"reign, be at peace",治す,なおす,"cure, heal",direct,,1152
政,"politics, government",政治,せいじ,politics,direct,,1151
政,"politics, government",政府,せいふ,"government, administration",direct,,1153
政,"politics, government",政策,せいさく,"policy, political measures",direct,,1156
政,"politics, government",政権,せいけん,"political power, government, administration",direct,,1442
府,"borough, urban prefecture",政府,せいふ,"government, administration",direct,,1153
党,"party, faction",党,とう,political party,direct,,1154
策,"scheme, plan",対策,たいさく,"measure, countermeasure",direct,,1155
策,"scheme, plan",政策,せいさく,"policy, political measures",direct,,1156
選,"elect, select",選ぶ,えらぶ,"choose, elect",direct,,1157
選,"elect, select",選手,せんしゅ,player (in a game); team member,direct,,1158
選,"elect, select",選挙,せんきょ,election,direct,,1159
挙,"raise, plan",選挙,せんきょ,election,direct,,1159
候,"climate, season",候補,こうほ,"candidate, candidacy",direct,,1160
補,"supplement, supply",候補,こうほ,"candidate, candidacy",direct,,1160
革,"leather, skin",改革,かいかく,reform,figurative,"革 literally ""leather/hide,"" used here for its secondary sense ""reform/renew""",1163
革,"leather, skin",革,かわ,leather,direct,,1164
改,"reformation, change",改革,かいかく,reform,figurative,"革 literally ""leather/hide,"" used here for its secondary sense ""reform/renew""",1163
改,"reformation, change",改札口,かいさつぐち,ticket barrier,figurative,"change + examine + mouth/opening → where tickets are ""checked"" → ticket barrier",1396
命,"fate, command",命令,めいれい,"command, order",direct,,1165
命,"fate, command",一生懸命,いっしょうけんめい,"as hard as one can, with all one's might",figurative,one life + risking → as if risking one's whole life → with all one's might,1588
令,"orders, ancient laws",命令,めいれい,"command, order",direct,,1165
組,"association, braid",番組,ばんぐみ,"program (TV, radio)",figurative,turn/number + group/set → doesn't map directly → (TV/radio) program,1166
組,"association, braid",組み立てる,くみたてる,"put together, assemble, construct",direct,,1167
組,"association, braid",組織,そしき,"organization, structure, tissue",figurative,"group + weave → a ""woven group"" → organization",1168
織,"weave, fabric",組織,そしき,"organization, structure, tissue",figurative,"group + weave → a ""woven group"" → organization",1168
進,"advance, proceed",進める,すすめる,"advance, promote, speed (st) up",direct,,1169
進,"advance, proceed",進む,すすむ,"advance, move forward",direct,,1170
進,"advance, proceed",進学,しんがく,entering the next level of school,direct,,1171
拡,"broaden, extend",拡大,かくだい,"magnification, enlargement",direct,,1172
任,"responsibility, duty",責任,せきにん,"responsibility, liability",direct,,1174
責,"blame, condemn",責任,せきにん,"responsibility, liability",direct,,1174
辞,"resign, word",辞める,やめる,"resign, retire",direct,,1175
辞,"resign, word",辞書,じしょ,dictionary,direct,,1176
辞,"resign, word",お辞儀,おじぎ,"bow, bowing",figurative,words/resign + ceremony → doesn't map directly → a bow,1617
勤,"diligence, become employed",通勤,つうきん,commute,direct,,1177
勤,"diligence, become employed",勤める,つとめる,to work for (~に),direct,,1178
務,"task, duties",事務所,じむしょ,"office, one's place of business",direct,,1179
務,"task, duties",事務室,じむしつ,office,direct,,1180
従,"accompany, obey",従来,じゅうらい,"former, old",figurative,"follow + come → what has ""followed along"" until now → former, up until now",1181
績,"exploits, achievements",成績,せいせき,"grade (school), results, record",direct,,1182
集,"gather, meet",集める,あつめる,"collect, gather",direct,,1183
集,"gather, meet",集まる,あつまる,"gather, be collected",direct,,1184
採,"pick, take",採用,さいよう,employment,direct,,1185
給,"salary, wage",給料,きゅうりょう,"salary, pay",direct,,1186
卒,"graduate, soldier",卒業,そつぎょう,graduation,direct,,1187
就,"concerning, settle",就職,しゅうしょく,finding employment,direct,,1188
職,"post, employment",就職,しゅうしょく,finding employment,direct,,1188
退,"retreat, withdraw",退院,たいいん,discharge from a hospital,direct,,1189
契,"pledge, promise",契約,けいやく,"contract, agreement",direct,,1190
渉,"ford, go cross",交渉,こうしょう,"negotiation, bargaining",direct,,1191
件,"affair, case",事件,じけん,"event, incident, case",direct,,1192
件,"affair, case",条件,じょうけん,"condition, terms",direct,,1193
条,"article, clause",条件,じょうけん,"condition, terms",direct,,1193
加,"add, addition",参加,さんか,"participation, taking part in",direct,,1195
加,"add, addition",増加,ぞうか,"increase, gain",direct,,1196
加,"add, addition",加える,くわえる,add (one thing to another)<div>(can be the same or a different kind of thing)</div>,direct,,1197
加,"add, addition",加工,かこう,"processing, manufacturing<div>(turning st into st else)</div>",direct,,1198
参,"nonplussed, three (in documents)",参加,さんか,"participation, taking part in",direct,,1195
参,"nonplussed, three (in documents)",人参,にんじん,carrot,direct,,1677
比,"compare, race",比べる,くらべる,"compare, contrast",direct,,1199
批,"criticism, strike",批判,ひはん,"criticism, comment",direct,,1200
判,"judgement, signature",批判,ひはん,"criticism, comment",direct,,1200
判,"judgement, signature",判断,はんだん,"judgment, decision",figurative,"judge/seal + cut → ""cutting a judgment"" → decision",1296
評,"evaluate, criticism",評価,ひょうか,"evaluation, rating",direct,,1201
象,"elephant, pattern after",対象,たいしょう,"target, subject",figurative,"face/pair + image/symbol → the ""image"" one faces → target, subject",1202
障,"hinder, hurt",故障,こしょう,"malfunction, fault, breakdown",direct,,1203
修,"discipline, conduct oneself well",修理,しゅうり,"repair, mending",direct,,1204
換,"interchange, period",乗り換える,のりかえる,"change, transfer (trainなど)",direct,,1205
換,"interchange, period",乗り換え,のりかえ,"change (trainなど), transfer",direct,,1206
換,"interchange, period",換える,かえる,"swap, convert",direct,,1208
替,"exchange, spare",着替える,きがえる,change clothes,direct,,1209
替,"exchange, spare",両替,りょうがえ,"exchanging currency, break (a 1万 note)",direct,,1331
被,"incur, cover",被る,かぶる,put on (a hat),direct,,1210
破,"rend, rip",破る,やぶる,"tear (st), break (through) （~を）",direct,,1211
破,"rend, rip",破れる,やぶれる,"(st) rips, gets torn",direct,,1212
壊,"demolition, break",壊す,こわす,"break, destroy, smash",direct,,1213
壊,"demolition, break",壊れる,こわれる,"break, break down, get out of order",direct,,1214
救,"salvation, save",救急車,きゅうきゅうしゃ,ambulance,direct,,1215
助,"help, rescue",助ける,たすける,"help, save",direct,,1216
派,"faction, group",立派,りっぱ,"fine, excellent",figurative,"stand + sect/school → doesn't map cleanly → splendid, fine (idiomatic)",1217
警,"admonish, commandment",警察,けいさつ,police,direct,,1218
察,"guess, presume",警察,けいさつ,police,direct,,1218
管,"pipe, tube",管理,かんり,"management, administration",figurative,"pipe/tube + manage → secondary sense of 管 as ""administer"" → management",1219
盗,"steal, rob",盗む,ぬすむ,"steal, rob",direct,,1220
殺,"kill, murder",殺す,ころす,"kill, smother",direct,,1221
逮,"apprehend, chase",逮捕,たいほ,"arrest, capture",direct,,1222
捕,"catch, capture",逮捕,たいほ,"arrest, capture",direct,,1222
逃,"escape, flee",逃げる,にげる,"escape, run away",direct,,1223
争,"contend, dispute",戦争,せんそう,"war, battle",direct,,1224
争,"contend, dispute",競争,きょうそう,competition,direct,,1225
戦,"war, battle",戦争,せんそう,"war, battle",direct,,1224
競,"emulate, compete with",競争,きょうそう,competition,direct,,1225
混,"mix, blend",混む,こむ,"be crowded, be congested",direct,,1226
統,"overall, relationship",大統領,だいとうりょう,president (of a country),figurative,big + govern/unify + territory/govern → a formal political coinage → president (of a country),1227
領,"jurisdiction, dominion",大統領,だいとうりょう,president (of a country),figurative,big + govern/unify + territory/govern → a formal political coinage → president (of a country),1227
捨,"discard, throw away",捨てる,すてる,"throw away, abandon",direct,,1228
拾,"pick up, gather",拾う,ひろう,"pick up, find",direct,,1229
池,"pond, cistern",池,いけ,pond,direct,,1230
池,"pond, cistern",電池,でんち,"electric cell, battery",direct,,1231
深,"deep, heighten",深い,ふかい,"deep, profound, intimate",direct,,1232
深,"deep, heighten",深さ,ふかさ,"depth, profundity",direct,,1233
浅,"shallow, superficial",浅い,あさい,"shallow, superficial",direct,,1234
泳,swim,泳ぐ,およぐ,swim,direct,,1237
泳,swim,水泳,すいえい,swimming,direct,,1238
流,"current, a sink",流れる,ながれる,"flow, drift away",direct,,1239
流,"current, a sink",流行る,はやる,"be in fashion, be popular",figurative,"flow + go/move → things ""flowing along"" → be in fashion, popular",1240
油,"oil, fat",油,あぶら,oil,direct,,1243
油,"oil, fat",醤油,しょうゆ,soy sauce,direct,,1768
沈,"sink, be submerged",沈む,しずむ,"sink, set",direct,,1244
久,"long time, old story",久しぶり,ひさしぶり,after a long time,direct,,1245
氷,"icicle, ice",氷,こおり,ice,direct,,1246
凍,"frozen, congeal",凍る,こおる,freeze,direct,,1250
蔵,"storehouse, hide",冷蔵庫,れいぞうこ,refrigerator,direct,,1251
庫,"warehouse, storehouse",冷蔵庫,れいぞうこ,refrigerator,direct,,1251
涼,"refreshing, nice and cool",涼しい,すずしい,"cool, refreshing",direct,,1252
景,"scenery, view",景色,けしき,"scene, landscape",direct,,1257
景,"scenery, view",背景,はいけい,"background, scenery, setting",direct,,1486
響,"echo, sound",影響,えいきょう,"influence, effect",figurative,"shadow + echo → a cast shadow, a resonating echo → influence, effect",1258
影,"shadow, silhouette",影響,えいきょう,"influence, effect",figurative,"shadow + echo → a cast shadow, a resonating echo → influence, effect",1258
光,"ray, light",光る,ひかる,"shine, emit light",direct,,1259
陽,"sunshine, yang principle",太陽,たいよう,sun,direct,,1261
星,"star, spot",星,ほし,"star, planet, spot",direct,,1262
球,"ball, sphere",地球,ちきゅう,the Earth,direct,,1263
球,"ball, sphere",野球,やきゅう,baseball,direct,,1264
雲,cloud,雲,くも,cloud,direct,,1265
震,"quake, shake",地震,じしん,earthquake,direct,,1267
震,"quake, shake",震える,ふるえる,"tremble, quiver, shake",direct,,1268
振,"shake, wave",振る,ふる,"wave, shake, swing",direct,,1269
揺,"swing, shake",揺れる,ゆれる,"shake, sway, rock",direct,,1270
秘,"secret, conceal",秘密,ひみつ,"secret, privacy",direct,,1272
密,"secrecy, density (pop)",秘密,ひみつ,"secret, privacy",direct,,1272
厳,"stern, strictness",厳しい,きびしい,"strict, severe, intense",direct,,1273
寄,"draw near, stop in",年寄り,としより,"old person, a senior",direct,,1275
歴,"curriculum, continuation",歴史,れきし,history,direct,,1276
史,"history, chronicle",歴史,れきし,history,direct,,1276
紀,"chronicle, account",世紀,せいき,century,direct,,1277
構,"posture, build",構成,こうせい,"organization, makeup",direct,,1281
構,"posture, build",構造,こうぞう,"structure, the construction",direct,,1282
橋,bridge,橋,はし,bridge,direct,,1283
柱,"pillar, post",柱,はしら,"pillar, column",direct,,1284
位,"rank, grade",位置,いち,"position, location",direct,,1285
離,"detach, separation",離婚,りこん,divorce,direct,,1286
停,"halt, stopping",停車,ていしゃ,"a stop (train), stopping",direct,,1288
停,"halt, stopping",バス停,ばすてい,bus stop,direct,,1289
停,"halt, stopping",停留所,ていりゅうじょ,"stop, station",direct,,1316
周,"circumference, circuit",周辺,しゅうへん,"surrounding area, outskirts",direct,,1290
隣,neighboring,隣,となり,"neighboring house, next seat",direct,,1291
横,"sideways, side",横,よこ,"side, width across",direct,,1294
横,"sideways, side",横書き,よこがき,horizontal writing,direct,,1295
横,"sideways, side",横断歩道,おうだんほどう,crosswalk,direct,,1298
断,"severance, decline",判断,はんだん,"judgment, decision",figurative,"judge/seal + cut → ""cutting a judgment"" → decision",1296
断,"severance, decline",断る,ことわる,"refuse, turn down",figurative,"single kanji ""cut off,"" extended to ""cutting off a request"" → to refuse",1297
断,"severance, decline",横断歩道,おうだんほどう,crosswalk,direct,,1298
幅,"hanging scroll, width",大幅,おおはば,"drastically, substantially",direct,,1299
訪,"call on, visit",訪れる,おとずれる,"visit, go to see",direct,,1300
訪,"call on, visit",訪ねる,たずねる,"visit (place or person), drop in",direct,,1301
房,"tassel, tuft",冷房,れいぼう,air conditioning,direct,,1302
房,"tassel, tuft",暖房,だんぼう,heating,direct,,1303
房,"tassel, tuft",文房具,ぶんぼうぐ,"stationery, writing materials",direct,,1304
諸,"various, many",諸国,しょこく,various countries,direct,,1305
貿,"trade, exchange",貿易,ぼうえき,"(foreign) trade, import/export business",direct,,1307
輸,"transport, send",輸入,ゆにゅう,import,direct,,1308
輸,"transport, send",輸出,ゆしゅつ,export,direct,,1309
輪,"wheel, ring",指輪,ゆびわ,ring,direct,,1310
往,"journey, travel",往復,おうふく,"&nbsp;round trip, going and returning",direct,,1311
復,"restore, return to",往復,おうふく,"&nbsp;round trip, going and returning",direct,,1311
復,"restore, return to",復習,ふくしゅう,review,direct,,1312
繰,"winding, reel",繰り返す,くりかえす,repeat を,direct,,1314
守,"guard, protect",守る,まもる,"protect, observe",direct,,1319
守,"guard, protect",留守,るす,not at home,figurative,"stay + guard → originally the person left guarding the house while away → shifted to ""not home"" itself",1320
宅,"home, house",住宅,じゅうたく,"housing, residence",direct,,1321
宅,"home, house",自宅,じたく,"one's house, one's home",direct,,1322
宅,"home, house",お宅,おたく,your home (敬語),direct,,1323
静,quiet,静か,しずか,"quiet, tranquil",direct,,1326
暇,"spare time, rest",暇,ひま,"free time, spare time",direct,,1328
趣,"purport, gist",趣味,しゅみ,"hobby, interest",figurative,"direction/lean + taste → ""taste"" extended to → hobby, interest",1329
両,"both, old japanese coin",両方,りょうほう,both,direct,,1330
両,"both, old japanese coin",両替,りょうがえ,"exchanging currency, break (a 1万 note)",direct,,1331
両,"both, old japanese coin",両親,りょうしん,parents,direct,,1332
側,"side, lean",内側,うちがわ,"inside, interior",direct,,1334
側,"side, lean",向こう側,むこうがわ,other side,direct,,1335
側,"side, lean",外側,そとがわ,"exterior, outside",direct,,1336
側,"side, lean",左側,ひだりがわ,left side,direct,,1337
側,"side, lean",右側,みぎがわ,right side,direct,,1338
裏,"back, amidst",裏,うら,"rear, reverse (side), inside",direct,,1339
裏,"back, amidst",裏返す,うらがえす,"turn over, turn inside out",direct,,1341
刊,"publish, carve",週刊誌,しゅうかんし,weekly magazine,direct,,1342
刊,"publish, carve",朝刊,ちょうかん,morning edition,direct,,1343
刊,"publish, carve",夕刊,ゆうかん,evening edition,direct,,1344
詳,"detailed, full",詳しい,くわしい,"detailed, complete",direct,,1345
積,"volume, product (x*y)",積もる,つもる,"accumulate (snow, dustなど)",direct,,1348
訳,"translate, reason",訳,やく,translation,direct,,1349
訳,"translate, reason",訳す,やくす,translate,direct,,1350
検,"examination, investigate",検討,けんとう,"consideration, examination",figurative,"examine + attack/chastise → 討 (attack) extended to ""discuss thoroughly"" → consideration",1351
討,"chastise, attack",検討,けんとう,"consideration, examination",figurative,"examine + attack/chastise → 討 (attack) extended to ""discuss thoroughly"" → consideration",1351
塗,"paint, plaster",塗る,ぬる,"spread on, paint",direct,,1352
付,"adhere, attach",付く,つく,"stick to, be attached to, accompany",direct,,1353
付,"adhere, attach",付ける,つける,"attach, apply (st to st), add",direct,,1354
付,"adhere, attach",受け付ける,うけつける,"accept, receive",direct,,1355
付,"adhere, attach",片付ける,かたづける,"put in order, clear (st) away, put (st) back",direct,,1356
付,"adhere, attach",受付,うけつけ,"receptionist, front desk",direct,,1358
付,"adhere, attach",近付く,ちかづく,"approach, get acquainted",direct,,1359
付,"adhere, attach",片付く,かたづく,"be in order, be settled",direct,,1360
付,"adhere, attach",気を付ける,きをつける,"take care of, pay attention to",figurative,attach your spirit/attention (to something) → be careful,1361
貼,"stick, paste",貼る,はる,"stick, paste",direct,,1362
念,"wish, sense",記念日,きねんび,"memorial day, anniversary",direct,,1363
念,"wish, sense",残念,ざんねん,"regretful, disappointing",direct,,1364
例,"example, custom",例えば,たとえば,for example,direct,,1365
例,"example, custom",例文,れいぶん,example sentence,direct,,1366
例,"example, custom",例,れい,"example, precedent",direct,,1367
余,"too much, myself",余る,あまる,"remain over, be too much<div>(remain because of excess)</div>",direct,,1368
除,"exclude, division (x/3)",除く,のぞく,"exclude, get rid of",direct,,1369
除,"exclude, division (x/3)",掃除,そうじ,cleaning,direct,,1651
除,"exclude, division (x/3)",掃除機,そうじき,vacuum cleaner,direct,,1654
削,"plane, sharpen",削る,けずる,"grind down, trim, scale back",direct,,1370
刻,"engrave, cut fine",遅刻,ちこく,"tardiness, lateness",figurative,late + carve/engrave → 刻 refers to carved time-markers on old clocks → tardiness,1371
緩,"slacken, loosen",緩い,ゆるい,"slack, loose",direct,,1372
苦,"suffering, trial",苦しい,くるしい,"painful, difficult",direct,,1373
苦,"suffering, trial",苦い,にがい,"bitter, sour",direct,,1374
苦,"suffering, trial",苦手,にがて,"weak point, (sb) hard to deal with",figurative,"bitter + hand → gives you a ""bitter hand"" → a weak point",1375
困,"quandary, become distressed",困る,こまる,"be in trouble, have difficulty",direct,,1376
貧,"poverty, poor",貧乏,びんぼう,"poor, poverty",direct,,1377
乏,"destitution, scarce",貧乏,びんぼう,"poor, poverty",direct,,1377
幸,"happiness, blessing",不幸,ふこう,"unhappiness, misfortune, a death",direct,,1378
幸,"happiness, blessing",幸せ,しあわせ,"happiness, good fortune",direct,,1379
塩,salt,塩,しお,salt,direct,,1380
塩,salt,塩辛い,しおからい,salty,direct,,1381
砂,sand,砂糖,さとう,sugar,direct,,1382
糖,sugar,砂糖,さとう,sugar,direct,,1382
模,"imitation, copy",規模,きぼ,"scale (big, smallなど), scope",direct,,1383
農,"agriculture, farmers",農業,のうぎょう,agriculture,direct,,1384
濃,"concentrated, thick",濃い,こい,"thick, concentrated, dark-colored",direct,,1385
薄,"dilute, thin",薄い,うすい,"thin, weak, pale",direct,,1386
厚,"thick, heavy",厚い,あつい,"thick, bulky",direct,,1387
厚,"thick, heavy",厚さ,あつさ,thickness,direct,,1388
迫,"urge, force",迫る,せまる,"<!--anki-->approach, draw near,&nbsp;press (sb for st)",direct,,1389
伸,"expand, stretch",伸びる,のびる,"get longer, grow, stretch",direct,,1390
越,"surpass, cross over",引っ越す,ひっこす,move (houses),direct,,1391
越,"surpass, cross over",越える,こえる,"go over, go across, go beyond",direct,,1392
越,"surpass, cross over",引っ越し,ひっこし,moving (houses),direct,,1393
越,"surpass, cross over",追い越す,おいこす,"pass, outdo",direct,,1394
追,"chase, drive away",追い越す,おいこす,"pass, outdo",direct,,1394
昇,rise up,上昇,じょうしょう,"a rise, an increase",direct,,1395
札,"tag, paper money",改札口,かいさつぐち,ticket barrier,figurative,"change + examine + mouth/opening → where tickets are ""checked"" → ticket barrier",1396
礼,"salute, bow",失礼,しつれい,"impoliteness, bad manners, I beg your parden/Goodbye",direct,,1397
礼,"salute, bow",お礼,おれい,"thanks, reward, return present",figurative,"courtesy/manners, extended to a thank-you gift or reward",1399
失,"lose, error",失礼,しつれい,"impoliteness, bad manners, I beg your parden/Goodbye",direct,,1397
失,"lose, error",失う,うしなう,"lose, miss",direct,,1775
謝,"apologize, thank",謝る,あやまる,apologize,direct,,1400
射,"shoot, shine into",注射,ちゅうしゃ,"shot, injection",figurative,"pour + shoot → ""pouring/shooting in"" → injection",1401
程,"extent, degree",程度,ていど,"degree, extent",direct,,1402
誘,"entice, lead",誘う,さそう,"invite, ask out",direct,,1404
導,"guidance, leading",導入,どうにゅう,"introduction, bringing in",direct,,1405
努,"toil, diligent",努力,どりょく,"<!--anki-->effort,&nbsp;endeavor",direct,,1406
怒,"angry, be offended",怒る,おこる,"get angry, scold",direct,,1407
独,"single, alone",独身,どくしん,"single, unmarried",direct,,1408
身,"somebody, person",独身,どくしん,"single, unmarried",direct,,1408
身,"somebody, person",刺身,さしみ,"sashimi, sliced raw meat",figurative,stab/pierce + body → refers to the preparation method → sliced raw fish,1530
占,"fortune-telling, divining",占める,しめる,"occupy, hold",direct,,1409
処,"dispose, manage",処理,しょり,"processing,&nbsp;management<div>(unlike 加工, a new thing is not created)</div>",direct,,1410
紹,"introduce, inherit",紹介,しょうかい,"introduction, presentation",figurative,"continue/connect + mediate → a ""connecting mediation"" → introduction",1411
介,"jammed in, shellfish",紹介,しょうかい,"introduction, presentation",figurative,"continue/connect + mediate → a ""connecting mediation"" → introduction",1411
招,"beckon, invite",招く,まねく,"invite, beckon",direct,,1412
招,"beckon, invite",招待,しょうたい,invitation,direct,,1413
婦,"lady, woman",夫婦,ふうふ,"husband and wife, married couple",direct,,1414
奥,"heart, interior",奥,おく,"inner part, the back, inner chamber",direct,,1415
奥,"heart, interior",奥さん,おくさん,"(sb's) wife,&nbsp;married lady",figurative,"originally ""person of the inner chambers"" (奥) → shifted to mean ""wife""",1416
皆,"all, everything",皆さん,みなさん,everybody (丁寧語),direct,,1417
皆,"all, everything",皆様,みなさま,everyone (敬語),direct,,1418
籍,"enroll, domiciliary register",国籍,こくせき,"citizenship, nationality",direct,,1421
恋,"romance, in love",恋人,こいびと,"boyfriend/girlfriend, lover",direct,,1424
誕,"nativity, be born",誕生日,たんじょうび,birthday,direct,,1425
祝,"celebrate, congratulate",祝日,しゅくじつ,"holiday, festival day",direct,,1426
祝,"celebrate, congratulate",お祝い,おいわい,celebrate,direct,,1427
夢,"dream, vision",夢,ゆめ,dream,direct,,1428
泣,"cry, weep",泣く,なく,"cry, weep",direct,,1429
涙,"tears, sympathy",涙,なみだ,tear,direct,,1430
喜,"rejoice, take pleasure in",喜ぶ,よろこぶ,"be happy, be delighted",direct,,1431
恥,"shame, dishonor",恥ずかしい,はずかしい,"embarrassed, ashamed, embarrassing",direct,,1432
弁,"valve, petal",弁当,べんとう,"box lunch, picnic lunch",figurative,"弁 core meaning ""valve/discern/speech"" doesn't map to ""lunch box"" without the older sense of ""convenient""",1433
看,"watch over, see",看護師,かんごし,nurse,direct,,1434
師,"expert, teacher",看護師,かんごし,nurse,direct,,1434
師,"expert, teacher",教師,きょうし,"teacher, instructor",direct,,1515
護,"safeguard, protect",看護師,かんごし,nurse,direct,,1434
患,"afflicted, disease",患者,かんじゃ,patient,direct,,1435
述,"mention, state",述べる,のべる,"express (opinion), state, mention",direct,,1436
訴,"accusation, sue",訴える,うったえる,sue,direct,,1438
迷,"astray, be perplexed",迷う,まよう,"hesitate, get lost, be unable to decide",direct,,1439
迷,"astray, be perplexed",迷惑,めいわく,"trouble, annoyance",direct,,1440
惑,"beguile, delusion",迷惑,めいわく,"trouble, annoyance",direct,,1440
域,"range, region",地域,ちいき,"region, area",direct,,1441
権,"authority, power",政権,せいけん,"political power, government, administration",direct,,1442
贈,"presents, send",贈る,おくる,"offer, give (presentとか)",direct,,1443
贈,"presents, send",贈り物,おくりもの,"present, gift (和語)",direct,,1444
与,"bestow, participate in",与える,あたえる,"&nbsp;present (st), give (damage/shock), give (to lower status) (かたい)",direct,,1445
貯,"savings, store",貯金,ちょきん,"savings, deposit",direct,,1447
預,"deposit, custody",預ける,あずける,"deposit, entrust",direct,,1448
預,"deposit, custody",預かる,あずかる,keep (st) for (sb); take care of (st),direct,,1449
得,"gain, get",得意,とくい,"one's forte, pride, frequent customer",figurative,"gain + mind/idea → one's strong point, pride",1450
燃,"burn, blaze",燃える,もえる,burn が,direct,,1452
焼,"bake, burning",焼ける,やける,"burn, be grilled, be baked が",direct,,1453
焼,"bake, burning",焼く,やく,"burn (st), grill, bake を",direct,,1454
焼,"bake, burning",すき焼き,すきやき,sukiyaki,direct,,1986
乾,"drought, dry",乾く,かわく,"(st) drys, gets dry (が)",direct,,1456
乾,"drought, dry",乾杯,かんぱい,a toast,figurative,"dry + cup → ""draining one's cup"" → a toast",1457
乾,"drought, dry",乾かす,かわかす,dry (st) を,direct,,1458
幹,"tree trunk, main part",新幹線,しんかんせん,"Shinkansen, Bullet Train",direct,,1459
素,"elementary, principle",素晴らしい,すばらしい,"splendid, excellent",figurative,"plain/element + clear-ish → doesn't map directly → wonderful, splendid",1460
岸,beach,海岸,かいがん,"coast, seashore",direct,,1461
庭,"courtyard, garden",家庭,かてい,"home, family",direct,,1462
庭,"courtyard, garden",庭,にわ,"garden, court",direct,,1463
桜,cherry,桜,さくら,"cherry tree, cherry blossom",direct,,1464
咲,"blossom, bloom",咲く,さく,"bloom, blossom",direct,,1465
吹,"blow, breathe",吹く,ふく,"blow, play on a wind instrument",direct,,1466
散,"scatter, disperse",散歩,さんぽ,"walk, stroll",direct,,1467
植,plant,植える,うえる,"plant (a plant), embed",direct,,1469
根,"root, radical",屋根,やね,roof,direct,,1470
板,"plank, board",黒板,こくばん,blackboard,direct,,1471
板,"plank, board",掲示板,けいじばん,"notice board, bulletin board",direct,,1472
掲,"put up (a notice), put up",掲示板,けいじばん,"notice board, bulletin board",direct,,1472
草,"grass, weeds",草,くさ,"grass, weed",direct,,1474
草,"grass, weeds",煙草,たばこ,"tobacco, cigarette",direct,,1648
吸,"suck, imbibe",吸う,すう,"inhale, suck",direct,,1479
及,"reach out, exert",普及,ふきゅう,"spreading, becoming popular",direct,,1480
胃,"stomach, paunch",胃,い,stomach,direct,,1481
皿,"dish, a helping",皿,さら,"plate, counter for plates or servings",direct,,1482
皿,"dish, a helping",灰皿,はいざら,ashtray,direct,,1597
血,blood,血,ち,blood,direct,,1484
容,"contain, form",内容,ないよう,contents,direct,,1485
容,"contain, form",美容院,びよういん,hair salon,direct,,1507
骨,"skeleton, bone",骨,ほね,"bone, frame",direct,,1487
滑,"slippery, slide",滑る,すべる,"slide, slip, flunk an examination",direct,,1488
折,"fold, break",折れる,おれる,"snap/break, be folded, give in (to)",direct,,1489
折,"fold, break",折る,おる,"break off, fold, bend",direct,,1490
健,"healthy, health",健康,けんこう,healthy,direct,,1491
康,"ease, peace",健康,けんこう,healthy,direct,,1491
珍,"rare, curious",珍しい,めずらしい,"unusual, rare, strange",direct,,1492
撮,"snapshot, take pictures",撮る,とる,"take (a picture), film (a video)",direct,,1493
再,"again, twice",再び,ふたたび,"again, a second time (somewhat formal)",direct,,1494
再,"again, twice",再来年,さらいねん,the year after next,direct,,1495
再,"again, twice",再来月,さらいげつ,the month after next,direct,,1496
再,"again, twice",再来週,さらいしゅう,the week after next,direct,,1497
放,"set free, release",放送,ほうそう,broadcasting,direct,,1498
装,"attire, dress",装置,そうち,"equipment, device",direct,,1499
鏡,"mirror, speculum",鏡,かがみ,mirror,direct,,1502
鏡,"mirror, speculum",眼鏡,めがね,"glasses, judgment",direct,,1641
固,"harden, set",固い,かたい,"firm, unchanging, unbreakable",direct,,1504
博,"dr., command",博物館,はくぶつかん,museum,direct,,1509
催,"sponsor, hold (a meeting)",開催,かいさい,"holding (of an event), opening",direct,,1510
徴,"indications, sign",特徴,とくちょう,distinguishing characteristic,direct,,1511
許,"permit, approve",許す,ゆるす,"forgive, permit",direct,,1512
許,"permit, approve",免許証,めんきょしょう,license,direct,,1514
証,"evidence, proof",免許証,めんきょしょう,license,direct,,1514
免,"excuse, dismissal",免許証,めんきょしょう,license,direct,,1514
鳥,"bird, chicken",鳥,とり,"bird, poultry",direct,,1519
鳴,"chirp, cry",鳴る,なる,"sound, ring, thunder",direct,,1520
鳴,"chirp, cry",鳴く,なく,"make sound (animal); chirp, meow, etc.",direct,,1521
声,voice,声,こえ,"voice, sound",direct,,1522
卵,"egg, ovum",卵,たまご,egg,direct,,1524
犬,dog,犬,いぬ,dog,direct,,1525
馬,horse,馬,うま,horse,direct,,1526
馬,horse,馬鹿,ばか,"fool, nonsense",direct,,1754
駐,"stop-over, reside in",駐車場,ちゅうしゃじょう,parking area,direct,,1527
騒,"boisterous, make noise",騒ぐ,さわぐ,"make a racket, mess around, make a fuss",direct,,1528
刺,"thorn, pierce",刺す,さす,"stab, prick, sting",direct,,1529
刺,"thorn, pierce",刺身,さしみ,"sashimi, sliced raw meat",figurative,stab/pierce + body → refers to the preparation method → sliced raw fish,1530
激,"violent, get excited",激しい,はげしい,"violent, intense",direct,,1531
驚,"wonder, be surprised",驚く,おどろく,"be surprised, be startled",direct,,1533
倒,"overthrow, fall",倒れる,たおれる,"fall down, succumb (to)",direct,,1534
倒,"overthrow, fall",倒す,たおす,"knock down, overthrow, defeat",direct,,1535
傾,"lean, incline",傾向,けいこう,"tendency, inclination",direct,,1536
柔,"tender, weakness",柔道,じゅうどう,judo,direct,,1538
柔,"tender, weakness",柔らかい,やわらかい,soft,direct,,1539
柔,"tender, weakness",柔らか,やわらか,"soft, tender, gentle",direct,,1540
張,"lengthen, counter for bows & stringed instruments",主張,しゅちょう,"argument, case, one's point",figurative,"main + stretch/spread → ""spreading one's main point"" → argument, assertion",1541
張,"lengthen, counter for bows & stringed instruments",引っ張る,ひっぱる,"pull, drag",direct,,1542
張,"lengthen, counter for bows & stringed instruments",頑張る,がんばる,"persist, be tenacious",figurative,stubborn + stretch/expand → push through stubbornly → persist,1675
突,"stab, protruding",突き当たる,つきあたる,"come to the end of (street), run into (st)",direct,,1543
突,"stab, protruding",突き当たり,つきあたり,end of a street,direct,,1544
壁,"wall, lining (stomach)",壁,かべ,"wall, partition",direct,,1545
弾,"bullet, twang",弾く,ひく,play (a stringed instrument),direct,,1546
丸,"round, full (month)",丸い,まるい,round,direct,,1547
丸,"round, full (month)",丸,まる,"circle, wholeness",direct,,1548
撃,"beat, attack",攻撃,こうげき,"attack, criticism",direct,,1549
攻,"aggression, attack",攻撃,こうげき,"attack, criticism",direct,,1549
絶,"discontinue, sever",絶対に,ぜったいに,"absolutely, unconditionally",figurative,"cut off + face/opposite → ""nothing opposing it"" → absolutely",1551
防,"ward off, defend",消防車,しょうぼうしゃ,fire truck,direct,,1552
防,"ward off, defend",消防署,しょうぼうしょ,fire station,direct,,1679
抵,"resist, reach",大抵,たいてい,"generally, mostly",direct,,1555
勢,"forces, energy",大勢,おおぜい,"many (people), a crowd",direct,,1556
勢,"forces, energy",姿勢,しせい,"posture, attitude",direct,,1558
姿,"figure, form",姿,すがた,"figure, appearance",direct,,1557
姿,"figure, form",姿勢,しせい,"posture, attitude",direct,,1558
恐,"fear, dread",恐ろしい,おそろしい,"terrible, frightening",direct,,1559
怖,"dreadful, be frightened",怖い,こわい,scary,direct,,1560
糸,thread,糸,いと,"thread, yarn",direct,,1561
孫,"grandchild, descendants",孫,まご,grandchild,direct,,1562
綿,cotton,木綿,もめん,cotton,direct,,1563
偉,"admirable, greatness",偉い,えらい,"great, famous, eminent",direct,,1564
爪,"claw, nail",爪,つめ,"nail, claw",direct,,1565
机,"desk, table",机,つくえ,desk,direct,,1566
棚,"shelf, ledge",棚,たな,"shelf, rack",direct,,1568
棚,"shelf, ledge",本棚,ほんだな,bookshelf,direct,,1569
針,"needle, pin",方針,ほうしん,"course, policy",figurative,"direction + needle → like a compass needle → policy, course",1570
釣,"angling, fish",釣る,つる,"to fish, to catch (a fish)",direct,,1571
釣,"angling, fish",お釣り,おつり,change,figurative,"from 釣る ""to fish/hook,"" extended via 釣り合う ""balance"" → change (money)",1573
鍵,key,鍵,かぎ,"key, lock",direct,,1574
鍋,"pot, pan",鍋,なべ,"pan, pot",direct,,1575
寿,"longevity, congratulations",寿司,すし,sushi,direct,,1576
司,"director, official",寿司,すし,sushi,direct,,1576
棒,"rod, stick",泥棒,どろぼう,"thief, crook",direct,,1577
泥,"mud, mire",泥棒,どろぼう,"thief, crook",direct,,1577
湯,"hot water, bath",湯,ゆ,"hot water, hot bath, bathhouse",direct,,1578
沸,"seethe, boil",沸く,わく,"boil, be excited",direct,,1579
沸,"seethe, boil",沸かす,わかす,"boil, excite",direct,,1580
濯,"laundry, wash",洗濯機,せんたくき,washing machine,direct,,1582
濯,"laundry, wash",洗濯,せんたく,"laundering, washing",direct,,1583
濡,"get wet, damp",濡れる,ぬれる,get wet,direct,,1584
喫,"consume, eat",喫茶店,きっさてん,"coffee shop, tea house, café",direct,,1585
怠,"neglect, laziness",怠ける,なまける,"be lazy (が), neglect (st) (を)",direct,,1587
懸,"state of suspension, hang",一生懸命,いっしょうけんめい,"as hard as one can, with all one's might",figurative,one life + risking → as if risking one's whole life → with all one's might,1588
憩,"recess, rest",休憩,きゅうけい,"<div>break (from work, study, etc.)</div>",direct,,1589
井,"well, well crib",天井,てんじょう,ceiling,figurative,heaven + well → possibly referencing a well-frame-like coffered ceiling shape → ceiling,1590
豆,"beans, pea",納豆,なっとう,natto (fermented soybeans),direct,,1592
豆,"beans, pea",豆腐,とうふ,tofu,figurative,"bean + rot/decay → historically ""curdled/fermented bean"" → tofu",1685
納,"settlement, obtain",納豆,なっとう,natto (fermented soybeans),direct,,1592
粧,"cosmetics, adorn (one's person)",化粧,けしょう,"makeup, put on makeup",direct,,1593
畑,"farm, field",畑,はたけ,"field, farm, garden",direct,,1594
炊,"cook, boil",炊く,たく,cook (by boiling),direct,,1595
炊,"cook, boil",自炊,じすい,cooking for oneself,direct,,1596
灰,"ashes, puckery juice",灰皿,はいざら,ashtray,direct,,1597
灰,"ashes, puckery juice",灰,はい,ashes,direct,,1598
灰,"ashes, puckery juice",灰色,はいいろ,"ash color, gray",direct,,1599
暦,"calendar, almanac",西暦,せいれき,"CE, AD (year)",direct,,1601
舌,"tongue, reed",舌,した,tongue,direct,,1604
臭,"stinking, ill-smelling",臭い,くさい,"ill-smelling, stinking",direct,,1606
匂,"fragrant, stink",匂い,におい,"smell, odor",direct,,1607
履,"perform, complete",履く,はく,"put on (footwear, lower body clothing)",direct,,1608
戸,"door, counter for houses",戸,と,"door (esp. Japanese style), shutter",direct,,1609
扇,"fan, folding fan",扇風機,せんぷうき,electric fan,direct,,1610
豚,"pork, pig",豚,ぶた,"pig, pork",direct,,1611
豚,"pork, pig",豚肉,ぶたにく,"pork, hog meat",direct,,1612
鶏,chicken,鶏,にわとり,"chicken, hen",direct,,1614
菓,"candy, cakes",お菓子,おかし,"sweets, snacks",direct,,1616
儀,"ceremony, rule",お辞儀,おじぎ,"bow, bowing",figurative,words/resign + ceremony → doesn't map directly → a bow,1617
坊,"boy, priest's residence",寝坊,ねぼう,"oversleeping,&nbsp;late riser",direct,,1619
旗,"national flag, banner",旗,はた,"flag, banner",direct,,1620
鉛,lead,鉛筆,えんぴつ,pencil,direct,,1621
筆,"writing brush, writing",鉛筆,えんぴつ,pencil,direct,,1621
筆,"writing brush, writing",万年筆,まんねんひつ,fountain pen,direct,,1622
箱,"box, chest",箱,はこ,"box, case",direct,,1624
箱,"box, chest",本箱,ほんばこ,bookcase,direct,,1625
財,"property, money",財布,さいふ,"purse, wallet",direct,,1629
布,"linen, cloth",財布,さいふ,"purse, wallet",direct,,1629
布,"linen, cloth",毛布,もうふ,blanket,direct,,1630
布,"linen, cloth",布団,ふとん,"futon, bedquilt",direct,,1631
団,"group, association",布団,ふとん,"futon, bedquilt",direct,,1631
包,"wrap, pack up",小包,こづつみ,"parcel, package",direct,,1632
包,"wrap, pack up",包む,つつむ,"wrap, pack",direct,,1634
飾,"decorate, ornament",飾る,かざる,"decorate, exhibit",direct,,1635
帳,"notebook, account book",手帳,てちょう,"pocketbook, memo",direct,,1636
帳,"notebook, account book",電話帳,でんわちょう,telephone book,direct,,1637
乳,"milk, breasts",牛乳,ぎゅうにゅう,milk,direct,,1639
玄,"mysterious, occultness",玄関,げんかん,"entrance, doorway",figurative,"originally a Zen Buddhist term for ""the gate to mysteries"" → entrance, doorway",1640
眼,eyeball,眼鏡,めがね,"glasses, judgment",direct,,1641
眠,"sleep, die",眠い,ねむい,sleepy,direct,,1642
眠,"sleep, die",眠る,ねむる,sleep,direct,,1644
筒,"cylinder, pipe",封筒,ふうとう,envelope,direct,,1645
封,"seal, closing",封筒,ふうとう,envelope,direct,,1645
拍,"clap, beat (music)",拍手,はくしゅ,"applause, clapping",direct,,1650
掃,"sweep, brush",掃除,そうじ,cleaning,direct,,1651
掃,"sweep, brush",掃く,はく,"sweep, brush",direct,,1652
掃,"sweep, brush",掃除機,そうじき,vacuum cleaner,direct,,1654
握,"grip, hold",握る,にぎる,"grasp, to press into shape (onigiri, sushi)",direct,,1655
握,"grip, hold",握手,あくしゅ,"handshake, handshaking",direct,,1656
迎,"welcome, meet",迎える,むかえる,"welcome, go to meet",direct,,1657
巡,"patrol, go around",お巡りさん,おまわりさん,policeman,figurative,"turn/patrol + honorific → ""one who patrols around"" → policeman",1659
幾,"how many, how much",幾ら,いくら,how much,direct,,1661
冗,"superfluous, uselessness",冗談,じょうだん,joke,direct,,1662
穴,"hole, aperture",穴,あな,"hole, cavity",direct,,1664
寂,"loneliness, quietly",寂しい,さびしい,"lonely, desolate, sad",direct,,1665
寧,"rather, preferably",丁寧,ていねい,"polite, courteous, careful",direct,,1666
丁,"street, ward",丁寧,ていねい,"polite, courteous, careful",direct,,1666
怪,"suspicious, mystery",怪我,けが,injury,figurative,strange/suspicious + self → doesn't map directly → injury,1668
我,"ego, i",怪我,けが,injury,figurative,strange/suspicious + self → doesn't map directly → injury,1668
我,"ego, i",我慢,がまん,"patience, self-restraint",figurative,originally a Buddhist term for self-conceit; shifted to mean patience/endurance,1669
慢,"ridicule, laziness",我慢,がまん,"patience, self-restraint",figurative,originally a Buddhist term for self-conceit; shifted to mean patience/endurance,1669
稚,"immature, young",幼稚園,ようちえん,kindergarten,direct,,1670
幼,"infancy, childhood",幼稚園,ようちえん,kindergarten,direct,,1670
隠,"conceal, hide",隠れる,かくれる,"hide, disappear",direct,,1671
陰,"shade, yin",日陰,ひかげ,the shade,direct,,1673
随,"follow, though",随分,ずいぶん,"extremely, considerably",direct,,1674
頑,"stubborn, foolish",頑張る,がんばる,"persist, be tenacious",figurative,stubborn + stretch/expand → push through stubbornly → persist,1675
頃,"time, about",頃,ころ,"when~, about~, time",direct,,1676
頃,"time, about",この頃,このごろ,"these days, recently",direct,,1678
署,"signature, govt office",消防署,しょうぼうしょ,fire station,direct,,1679
尋,"inquire, fathom",尋ねる,たずねる,"inquire, search for",direct,,1680
缶,"tin can, container",缶詰,かんづめ,canned goods,direct,,1681
缶,"tin can, container",缶,かん,"can, tin",direct,,1683
詰,"packed, close",缶詰,かんづめ,canned goods,direct,,1681
腐,"rot, decay",腐る,くさる,"rot, corrode",direct,,1684
腐,"rot, decay",豆腐,とうふ,tofu,figurative,"bean + rot/decay → historically ""curdled/fermented bean"" → tofu",1685
床,"bed, counter for beds",床,ゆか,floor,direct,,1686
床,"bed, counter for beds",床屋,とこや,"barber, barbershop",direct,,1687
畳,"tatami mat, counter for tatami mats",畳,たたみ,"tatami, mat",direct,,1688
畳,"tatami mat, counter for tatami mats",畳む,たたむ,"fold up, shut (umbrella)",direct,,1689
干,"dry, parch",干す,ほす,"dry (by airing out), air out",direct,,1690
帽,"cap, headgear",帽子,ぼうし,hat,direct,,1692
敬,"awe, respect",敬語,けいご,"honorific language, polite speech",direct,,1694
敬,"awe, respect",尊敬,そんけい,"respect, honor",direct,,1695
尊,"revered, valuable",尊敬,そんけい,"respect, honor",direct,,1695
敷,"spread, pave",敷く,しく,"lay out, spread",direct,,1697
雷,"thunder, lightning bolt",雷,かみなり,"thunder, lightning",direct,,1698
零,"zero, spill",零,れい,"zero, naught",direct,,1699
舞,"dance, flit",仕舞う,しまう,put away,direct,,1700
踊,"jump, dance",踊る,おどる,dance,direct,,1702
踊,"jump, dance",踊り,おどり,"dance, dancing",direct,,1703
踏,"step, trample",踏む,ふむ,"step on, tread on",direct,,1704
踏,"step, trample",踏切,ふみきり,railroad crossing,direct,,1705
蹴,kick,蹴る,ける,kick,direct,,1707
堂,"public chamber, hall",食堂,しょくどう,"dining hall, restaurant",direct,,1708
猫,cat,猫,ねこ,"cat, feline",direct,,1709
章,"badge, chapter",文章,ぶんしょう,"writing, prose",direct,,1710
祖,"ancestor, pioneer",お祖父さん,おじいさん,grandfather,direct,,1714
祖,"ancestor, pioneer",お祖母さん,おばあさん,grandmother,direct,,1715
祖,"ancestor, pioneer",祖父,そふ,grandfather,direct,,1717
祖,"ancestor, pioneer",祖母,そぼ,grandmother,direct,,1718
魔,"witch, demon",邪魔,じゃま,"obstacle, interruption",figurative,"evil + demon → ""an evil demon"" → obstacle, interruption",1719
呂,"spine, backbone",風呂屋,ふろや,"bathhouse, public bath",direct,,1721
呂,"spine, backbone",風呂,ふろ,bath,figurative,wind + furnace/vessel → originally referred to steam baths → bath,1722
昭,"shining, bright",昭和,しょうわ,Showa era,direct,,1723
紫,"purple, violet",紫,むらさき,purple,direct,,1724
紅,"crimson, deep red",紅茶,こうちゃ,black tea,direct,,1726
梅,plum,梅雨,つゆ,rainy season,direct,,1727
桃,peach,桃,もも,"peach, peach tree",direct,,1728
遭,"encounter, meet",遭う,あう,encounter something (unexpected),direct,,1729
枕,pillow,枕,まくら,pillow,direct,,1730
嘘,"lie, falsehood",嘘,うそ,lie,direct,,1731
慮,"prudence, thought",遠慮,えんりょ,"reserve, hesitation, forethought",figurative,"distant + consider → thinking from a distance → restraint, reserve",1732
叱,"scold, reprove",叱る,しかる,"scold, tell off, reprimand",direct,,1733
傘,umbrella,傘,かさ,"umbrella, parasol",direct,,1734
賀,"congratulations, joy",年賀状,ねんがじょう,New Year's card,direct,,1736
賑,"flourish, be bustling",賑やか,にぎやか,"lively, exciting",direct,,1737
蚊,mosquito,蚊,か,mosquito,direct,,1738
拭,"wipe, mop",拭く,ふく,"wipe, dry",direct,,1739
拶,"be imminent, draw close",挨拶,あいさつ,"greet, greeting",direct,,1740
挨,"approach, draw near",挨拶,あいさつ,"greet, greeting",direct,,1740
伴,"consort, accompany",伴う,ともなう,"accompany, go with",direct,,1741
巻,"scroll, volume",巻く,まく,"roll (st) up, wind, wrap",direct,,1742
靴,shoes,靴,くつ,"shoes, boots",direct,,1743
靴,shoes,靴下,くつした,"socks, stockings",direct,,1744
磨,"grind, polish",磨く,みがく,"polish, grind",direct,,1745
磨,"grind, polish",歯磨き,はみがき,"toothpaste, brushing one's teeth",direct,,1746
廊,"corridor, hall",廊下,ろうか,"hallway, corridor",direct,,1747
瓶,"bottle, vial",瓶,びん,"bottle, flask",direct,,1748
褒,"praise, extol",褒める,ほめる,"praise, commend",direct,,1749
旦,"daybreak, dawn",元旦,がんたん,New Year's Day,direct,,1750
袖,"sleeve, wing (building)",袖,そで,sleeve,direct,,1751
袖,"sleeve, wing (building)",長袖,ながそで,clothes with long sleeves,direct,,1752
袖,"sleeve, wing (building)",半袖,はんそで,short-sleeved shirt,direct,,1753
鹿,deer,馬鹿,ばか,"fool, nonsense",direct,,1754
凄,"uncanny, weird",凄い,すごい,"wonderful, terrible",direct,,1755
剃,shave,剃る,そる,shave,direct,,1756
喧,"noisy, boisterous",喧嘩,けんか,"fight, quarrel, argument",direct,,1757
嘩,noisy,喧嘩,けんか,"fight, quarrel, argument",direct,,1757
叩,"strike, beat",叩く,たたく,"tap, hit, play (drums)",direct,,1758
噛,"chew, bite",噛む,かむ,"bite, chew",direct,,1759
噌,boisterous,味噌汁,みそしる,miso soup,direct,,1760
汁,"soup, juice",味噌汁,みそしる,miso soup,direct,,1760
姪,niece,姪,めい,niece,direct,,1761
苺,strawberry,苺,いちご,strawberry,direct,,1762
茄,eggplant,茄子,なす,eggplant,direct,,1763
椅,chair,椅子,いす,chair,direct,,1764
痩,get thin,痩せる,やせる,"lose weight, become thin",direct,,1765
箸,chopsticks,箸,はし,chopsticks,direct,,1766
糊,"paste, glue",糊,のり,"glue, (clothing) starch",direct,,1767
醤,a kind of miso,醤油,しょうゆ,soy sauce,direct,,1768
鋏,scissors,鋏,はさみ,scissors,direct,,1769
鞄,"suitcase, bag",鞄,かばん,"bag, handbag, briefcase",direct,,1770
顎,"jaw, chin",顎,あご,"jaw, chin",direct,,1771
飴,"rice jelly, candy",飴,あめ,"candy, sweets",direct,,1772
鹸,saltiness,石鹸,せっけん,soap,direct,,1773
測,"fathom, plan",測る,はかる,"measure, gauge",direct,,1777
含,"contain, include",含める,ふくめる,include,direct,,1778
含,"contain, include",含む,ふくむ,"contain, include",direct,,1779
頂,"place on the head, receive",頂戴,ちょうだい,"getting, receiving",direct,,1780
戴,"be crowned with, live under (a ruler)",頂戴,ちょうだい,"getting, receiving",direct,,1780
英,"england, english",英語,えいご,English,direct,,1827
居,"reside, to be",居る,いる,be present,direct,,2002
逢,"meeting, tryst",逢う,あう,meet (esp. sb of the opposite sex),direct,,2007
